,Polygon,Length_A,Width_A,lat,lon,Length_M,Width_M,File,Month,Group,Month_Group
1,45,0.756118084,0.520075518,58.81983526,11.02278366,NA,NA,June_Seal_Adults_Vitakalva_Day4,June,Adult,June Adult
2,17,0.848997082,0.370514897,58.82366533,11.03225,NA,NA,June_Seal_Adults_Ramso_R_Day3,June,Adult,June Adult
3,14,0.929902656,0.432454916,58.84593295,10.97505265,NA,NA,June_Seal_Adults_Vasknar_Day4,June,Adult,June Adult
4,5,0.937198931,0.369952141,58.82201008,11.03011727,1.124,0.38,June_Seal_Adults_Flaton_Day3,June,Adult,June Adult
5,18,0.944346218,0.41408365,58.82064043,11.01727585,1.107,0.387,June_Seal_Adults_Svarta_Kalva_Day4,June,Adult,June Adult
6,4,0.944821395,0.361651217,58.84661883,10.97577238,NA,NA,June_Seal_Adults_Vasknar_Day4,June,Adult,June Adult
7,5,0.955041065,0.367781757,58.84661008,10.97570878,NA,NA,June_Seal_Adults_Vasknar_Day4,June,Adult,June Adult
8,18,0.959518818,0.384279252,58.82155699,11.03035042,1.02,0.38,June_Seal_Adults_Flaton_Day3,June,Adult,June Adult
9,4,0.959649049,0.370818738,58.82475491,11.03206558,NA,NA,June_Seal_Adults_Ramso_Right_Skerry_Day4,June,Adult,June Adult
10,8,0.963360823,0.377999863,58.82476983,11.03205168,NA,NA,June_Seal_Adults_Ramso_R_Day3,June,Adult,June Adult
11,13,0.970852162,0.396131,58.82375817,11.03228813,NA,NA,June_Seal_Adults_Ramso_R_Day3,June,Adult,June Adult
12,11,0.975413867,0.528574303,58.84619699,10.97517533,NA,NA,June_Seal_Adults_Vasknar_Day4,June,Adult,June Adult
13,51,0.98663542,0.408111222,58.81993221,11.01687491,1.248,0.43,June_Seal_Adults_Svarta_Kalva_Day4,June,Adult,June Adult
14,12,0.993469997,0.430401407,58.82041871,11.0227614,NA,NA,June_Seal_Adults_Vitakalv_Day3,June,Adult,June Adult
15,1,0.993664469,0.426522732,58.81897386,11.02760679,NA,NA,June_Seal_Adults_Meta_Day3,June,Adult,June Adult
16,19,0.99488307,0.371164252,58.82006566,11.02231916,NA,NA,June_Seal_Adults_Vitakalv_Day3,June,Adult,June Adult
17,42,0.99829267,0.352370941,58.82003066,11.01701297,NA,NA,June_Seal_Adults_Svartakalva_Day3,June,Adult,June Adult
18,30,1.00078576,0.369178143,58.8216183,11.03073469,1.005,0.388,June_Seal_Adults_Flaton_Day4,June,Adult,June Adult
19,30,1.00139325,0.387566972,58.8204497,11.01735441,1.253,0.396,June_Seal_Adults_Svarta_Kalva_Day4,June,Adult,June Adult
20,43,1.002132062,0.38044957,58.8461117,10.97598809,1.092,0.416,June_Seal_Adults_Vaskar_Day3,June,Adult,June Adult
21,8,1.016452727,0.394581055,58.82004843,11.02735983,NA,NA,June_Seal_Adults_Meta_Day4,June,Adult,June Adult
22,35,1.017562521,0.493169136,58.8203049,11.01738231,NA,NA,June_Seal_Adults_Svartakalva_Day3,June,Adult,June Adult
23,31,1.018459438,0.417040093,58.82033143,11.01743699,NA,NA,June_Seal_Adults_Svartakalva_Day3,June,Adult,June Adult
24,16,1.019925927,0.385355885,58.82370888,11.03224557,NA,NA,June_Seal_Adults_Ramso_R_Day3,June,Adult,June Adult
25,24,1.023894365,0.358940829,58.84641955,10.97593087,1.111,0.36,June_Seal_Adults_Vaskar_Day3,June,Adult,June Adult
26,13,1.025618194,0.600644544,58.84603742,10.97509706,NA,NA,June_Seal_Adults_Vasknar_Day4,June,Adult,June Adult
27,2,1.030605447,0.443815046,58.82206193,11.0301785,1.18,0.446,June_Seal_Adults_Flaton_Day4,June,Adult,June Adult
28,14,1.031179968,0.380981629,58.84562787,11.00394749,1.154,0.391,June_Seal_Adults_Galterygen_Day2,June,Adult,June Adult
29,23,1.033418187,0.418447882,58.82040084,11.01733805,NA,NA,June_Seal_Adults_Svartakalva_Day3,June,Adult,June Adult
30,43,1.03866948,0.380010722,58.82029433,11.02232375,NA,NA,June_Seal_Adults_Vitakalva_Day4,June,Adult,June Adult
31,12,1.039335761,0.45712043,58.82201111,11.03005691,1.171,0.38,June_Seal_Adults_Flaton_Day4,June,Adult,June Adult
32,35,1.045558308,0.602527177,58.8203402,11.02245682,NA,NA,June_Seal_Adults_Vitakalva_Day4,June,Adult,June Adult
33,23,1.046150255,0.425716234,58.82108188,11.03008007,1.131,0.421,June_Seal_Adults_Flaton_Day4,June,Adult,June Adult
34,31,1.04793958,0.39491869,58.84635227,10.97519079,1.104,0.403,June_Seal_Adults_Vaskar_Day3,June,Adult,June Adult
35,9,1.048906502,0.377707835,58.84597828,11.00381533,1.131,0.405,June_Seal_Adults_Galterygen_Day2,June,Adult,June Adult
36,6,1.050349744,0.368343657,58.84660441,10.97572942,NA,NA,June_Seal_Adults_Vasknar_Day4,June,Adult,June Adult
37,5,1.063484519,0.381622979,58.82073132,11.01696291,NA,NA,June_Seal_Adults_Svartakalva_Day3,June,Adult,June Adult
38,15,1.063807315,0.406781155,58.82050964,11.02296418,NA,NA,June_Seal_Adults_Vitakalva_Day4,June,Adult,June Adult
39,7,1.065759451,0.374714249,58.82431181,11.03184129,NA,NA,June_Seal_Adults_Ramso_R_Day3,June,Adult,June Adult
40,15,1.068193381,0.321582562,58.84561642,11.00393314,1.202,0.427,June_Seal_Adults_Galterygen_Day2,June,Adult,June Adult
41,9,1.069343246,0.41767301,58.82003439,11.02738633,NA,NA,June_Seal_Adults_Meta_Day4,June,Adult,June Adult
42,14,1.070583585,0.383495285,58.82048257,11.01731667,NA,NA,June_Seal_Adults_Svartakalva_Day3,June,Adult,June Adult
43,40,1.076441345,0.388597822,58.82032553,11.01752159,1.167,0.414,June_Seal_Adults_Svarta_Kalva_Day4,June,Adult,June Adult
44,6,1.077501995,0.363829477,58.8220018,11.03010636,1.216,0.42,June_Seal_Adults_Flaton_Day3,June,Adult,June Adult
45,45,1.080211684,0.348142161,58.82030604,11.01740624,1.214,0.372,June_Seal_Adults_Svarta_Kalva_Day4,June,Adult,June Adult
46,29,1.080412221,0.373754708,58.82034671,11.01721352,NA,NA,June_Seal_Adults_Svartakalva_Day3,June,Adult,June Adult
47,19,1.080493388,0.323452696,58.82048927,11.02294747,NA,NA,June_Seal_Adults_Vitakalva_Day4,June,Adult,June Adult
48,20,1.080797189,0.348386664,58.82048358,11.02276661,NA,NA,June_Seal_Adults_Vitakalva_Day4,June,Adult,June Adult
49,28,1.081620499,0.414561768,58.82162155,11.0307218,0.885,0.359,June_Seal_Adults_Flaton_Day4,June,Adult,June Adult
50,18,1.082575192,0.352042824,58.84649115,10.97561616,1.384,0.448,June_Seal_Adults_Vaskar_Day3,June,Adult,June Adult
51,11,1.0855701,0.420432937,58.82050955,11.0172554,NA,NA,June_Seal_Adults_Svartakalva_Day3,June,Adult,June Adult
52,17,1.085831673,0.385877469,58.82064204,11.01729945,1.072,0.396,June_Seal_Adults_Svarta_Kalva_Day4,June,Adult,June Adult
53,36,1.085867698,0.480022068,58.82029477,11.01748944,NA,NA,June_Seal_Adults_Svartakalva_Day3,June,Adult,June Adult
54,1,1.088271496,0.367495487,58.82206893,11.03019582,1.006,0.399,June_Seal_Adults_Flaton_Day4,June,Adult,June Adult
55,10,1.089356235,0.374491911,58.8456958,11.00394723,1.273,0.393,June_Seal_Adults_Galterygen_Day2,June,Adult,June Adult
56,11,1.091809261,0.430558414,58.84569095,11.00398022,1.299,0.448,June_Seal_Adults_Galterygen_Day2,June,Adult,June Adult
57,20,1.093096551,0.371274029,58.82103675,11.03002411,1.033,0.37,June_Seal_Adults_Flaton_Day3,June,Adult,June Adult
58,1,1.093383367,0.426962895,58.82202434,11.03019519,1.33,0.42,June_Seal_Adults_Flaton_Day3,June,Adult,June Adult
59,1,1.093901424,0.374767051,58.8198121,11.01656437,1.178,0.392,June_Seal_Adults_Svarta_Kalva_Day4,June,Adult,June Adult
60,28,1.094641975,0.410401201,58.84639302,10.97592468,1.164,0.45,June_Seal_Adults_Vaskar_Day3,June,Adult,June Adult
61,13,1.095012597,0.436701439,58.82070824,11.01698748,1.226,0.402,June_Seal_Adults_Svarta_Kalva_Day4,June,Adult,June Adult
62,7,1.095578898,0.426000584,58.82047588,11.0227858,NA,NA,June_Seal_Adults_Vitakalv_Day3,June,Adult,June Adult
63,8,1.095648739,0.384433634,58.82059457,11.01725648,NA,NA,June_Seal_Adults_Svartakalva_Day3,June,Adult,June Adult
64,19,1.095925855,0.356320262,58.84549408,10.9757259,NA,NA,June_Seal_Adults_Vasknar_Day4,June,Adult,June Adult
65,41,1.099401239,0.358800163,58.82016733,11.01714186,NA,NA,June_Seal_Adults_Svartakalva_Day3,June,Adult,June Adult
66,16,1.099840785,0.342766683,58.82180274,11.03018281,1.24,0.36,June_Seal_Adults_Flaton_Day3,June,Adult,June Adult
67,1,1.100933796,0.367431604,58.84555794,11.00367501,1.207,0.388,June_Seal_Adults_Galterygen_Day2,June,Adult,June Adult
68,13,1.101376206,0.389277556,58.82049778,11.01722864,NA,NA,June_Seal_Adults_Svartakalva_Day3,June,Adult,June Adult
69,12,1.101467459,0.487717797,58.82378763,11.03236224,NA,NA,June_Seal_Adults_Ramso_R_Day3,June,Adult,June Adult
70,2,1.101662582,0.405261074,58.82052092,11.02290143,NA,NA,June_Seal_Adults_Vitakalv_Day3,June,Adult,June Adult
71,2,1.102505852,0.347486111,58.82456707,11.03175347,NA,NA,June_Seal_Adults_Ramso_Right_Skerry_Day4,June,Adult,June Adult
72,24,1.107238545,0.405742588,58.82060049,11.01711834,1.081,0.357,June_Seal_Adults_Svarta_Kalva_Day4,June,Adult,June Adult
73,21,1.11243958,0.370414092,58.8212467,11.03015216,1.245,0.39,June_Seal_Adults_Flaton_Day4,June,Adult,June Adult
74,26,1.113451736,0.421370833,58.82037577,11.01726251,NA,NA,June_Seal_Adults_Svartakalva_Day3,June,Adult,June Adult
75,18,1.11400991,0.412355224,58.82193063,11.0300416,1.137,0.415,June_Seal_Adults_Flaton_Day4,June,Adult,June Adult
76,20,1.114401861,0.343243823,58.84553582,11.0038788,1.34,0.397,June_Seal_Adults_Galterygen_Day2,June,Adult,June Adult
77,24,1.115023944,0.38979865,58.82151403,11.03093332,1.27,0.37,June_Seal_Adults_Flaton_Day3,June,Adult,June Adult
78,17,1.119046353,0.362199876,58.82044421,11.01727984,NA,NA,June_Seal_Adults_Svartakalva_Day3,June,Adult,June Adult
79,17,1.119061949,0.378747817,58.8200743,11.02230567,NA,NA,June_Seal_Adults_Vitakalv_Day3,June,Adult,June Adult
80,21,1.122550171,0.383184185,58.8455359,11.00382337,1.174,0.383,June_Seal_Adults_Galterygen_Day2,June,Adult,June Adult
81,13,1.123071988,0.348355639,58.84563749,11.00395471,1.021,0.332,June_Seal_Adults_Galterygen_Day2,June,Adult,June Adult
82,5,1.126692092,0.384347164,58.82475043,11.03187601,NA,NA,June_Seal_Adults_Ramso_Right_Skerry_Day4,June,Adult,June Adult
83,34,1.127699747,0.421678991,58.82030889,11.01743005,NA,NA,June_Seal_Adults_Svartakalva_Day3,June,Adult,June Adult
84,31,1.12780848,0.382500659,58.82041857,11.02275015,NA,NA,June_Seal_Adults_Vitakalva_Day4,June,Adult,June Adult
85,18,1.127821461,0.367754584,58.82007193,11.02232537,NA,NA,June_Seal_Adults_Vitakalv_Day3,June,Adult,June Adult
86,7,1.128136382,0.414862689,58.82346734,11.03216325,NA,NA,June_Seal_Adults_Ramso_Right_Skerry_Day4,June,Adult,June Adult
87,32,1.129389921,0.389527802,58.82032254,11.01749829,NA,NA,June_Seal_Adults_Svartakalva_Day3,June,Adult,June Adult
88,29,1.135589837,0.382893332,58.82042351,11.02276457,NA,NA,June_Seal_Adults_Vitakalva_Day4,June,Adult,June Adult
89,49,1.136333713,0.432297979,58.84577152,10.97558973,1.226,0.446,June_Seal_Adults_Vaskar_Day3,June,Adult,June Adult
90,32,1.136858749,0.386544079,58.8204114,11.02274593,NA,NA,June_Seal_Adults_Vitakalva_Day4,June,Adult,June Adult
91,25,1.138515973,0.366442216,58.84640977,10.97592686,1.149,0.38,June_Seal_Adults_Vaskar_Day3,June,Adult,June Adult
92,16,1.141845066,0.394378479,58.82064893,11.01729247,1.092,0.397,June_Seal_Adults_Svarta_Kalva_Day4,June,Adult,June Adult
93,2,1.143572481,0.345827216,58.82456066,11.03176652,NA,NA,June_Seal_Adults_Ramso_R_Day3,June,Adult,June Adult
94,10,1.144004461,0.365083892,58.82197315,11.03015983,1.02,0.42,June_Seal_Adults_Flaton_Day3,June,Adult,June Adult
95,15,1.144409991,0.455958848,58.84574106,10.97549919,NA,NA,June_Seal_Adults_Vasknar_Day4,June,Adult,June Adult
96,46,1.144610575,0.355145059,58.82030389,11.01738065,1.171,0.402,June_Seal_Adults_Svarta_Kalva_Day4,June,Adult,June Adult
97,24,1.144686591,0.369357975,58.8204554,11.02276604,NA,NA,June_Seal_Adults_Vitakalva_Day4,June,Adult,June Adult
98,4,1.14538029,0.459535513,58.82050038,11.02282867,NA,NA,June_Seal_Adults_Vitakalv_Day3,June,Adult,June Adult
99,4,1.146865245,0.331410573,58.82073717,11.01698306,NA,NA,June_Seal_Adults_Svartakalva_Day3,June,Adult,June Adult
100,4,1.149165017,0.46361111,58.84668907,10.97551168,1.16,0.355,June_Seal_Adults_Vaskar_Day3,June,Adult,June Adult
101,38,1.149954292,0.430013339,58.84620642,10.97592186,1.118,0.394,June_Seal_Adults_Vaskar_Day3,June,Adult,June Adult
102,23,1.150887037,0.440946618,58.82060949,11.01730887,1.203,0.423,June_Seal_Adults_Svarta_Kalva_Day4,June,Adult,June Adult
103,22,1.152321007,0.42117566,58.8204735,11.02276339,NA,NA,June_Seal_Adults_Vitakalva_Day4,June,Adult,June Adult
104,33,1.153887248,0.434001342,58.82031424,11.01746358,NA,NA,June_Seal_Adults_Svartakalva_Day3,June,Adult,June Adult
105,8,1.153919292,0.424980515,58.8219807,11.03023753,1.19,0.434,June_Seal_Adults_Flaton_Day3,June,Adult,June Adult
106,5,1.154346946,0.37884012,58.82048301,11.02277077,NA,NA,June_Seal_Adults_Vitakalv_Day3,June,Adult,June Adult
107,13,1.155409591,0.361934552,58.82183762,11.03033335,1.19,0.404,June_Seal_Adults_Flaton_Day3,June,Adult,June Adult
108,38,1.155439265,0.381435967,58.82092852,11.03043412,1.073,0.377,June_Seal_Adults_Flaton_Day4,June,Adult,June Adult
109,1,1.156519949,0.414161578,58.82052538,11.02292039,NA,NA,June_Seal_Adults_Vitakalv_Day3,June,Adult,June Adult
110,17,1.157537057,0.37278557,58.84556273,11.003875,1.244,0.415,June_Seal_Adults_Galterygen_Day2,June,Adult,June Adult
111,10,1.159593075,0.411235148,58.82044736,11.02276395,NA,NA,June_Seal_Adults_Vitakalv_Day3,June,Adult,June Adult
112,25,1.161333247,0.458447758,58.82176922,11.03051226,1.134,0.431,June_Seal_Adults_Flaton_Day4,June,Adult,June Adult
113,36,1.162484365,0.421921625,58.84621927,10.97591812,1.292,0.417,June_Seal_Adults_Vaskar_Day3,June,Adult,June Adult
114,21,1.163201413,0.44656224,58.82062205,11.01730166,1.228,0.41,June_Seal_Adults_Svarta_Kalva_Day4,June,Adult,June Adult
115,1,1.163478298,0.482795951,58.82075711,11.01698193,NA,NA,June_Seal_Adults_Svartakalva_Day3,June,Adult,June Adult
116,39,1.163539667,0.374606984,58.82092165,11.03049602,1.159,0.391,June_Seal_Adults_Flaton_Day4,June,Adult,June Adult
117,50,1.163966702,0.404800057,58.84575088,10.97558162,1.181,0.386,June_Seal_Adults_Vaskar_Day3,June,Adult,June Adult
118,11,1.16452828,0.336605316,58.82042808,11.02277535,NA,NA,June_Seal_Adults_Vitakalv_Day3,June,Adult,June Adult
119,9,1.164539128,0.395609219,58.82052837,11.02280076,NA,NA,June_Seal_Adults_Vitakalva_Day4,June,Adult,June Adult
120,30,1.165135353,0.396027208,58.8204222,11.02264301,NA,NA,June_Seal_Adults_Vitakalva_Day4,June,Adult,June Adult
121,38,1.165496626,0.346242542,58.82019461,11.01718926,NA,NA,June_Seal_Adults_Svartakalva_Day3,June,Adult,June Adult
122,26,1.165707802,0.387617839,58.82044306,11.02277439,NA,NA,June_Seal_Adults_Vitakalva_Day4,June,Adult,June Adult
123,22,1.166814879,0.364577915,58.8216057,11.03068793,1.2,0.377,June_Seal_Adults_Flaton_Day3,June,Adult,June Adult
124,40,1.170331841,0.360229697,58.82017584,11.01717464,NA,NA,June_Seal_Adults_Svartakalva_Day3,June,Adult,June Adult
125,1,1.170797055,0.402538403,58.82055199,11.02277897,NA,NA,June_Seal_Adults_Vitakalva_Day4,June,Adult,June Adult
126,12,1.171498434,0.37752592,58.84607257,10.9747625,NA,NA,June_Seal_Adults_Vasknar_Day4,June,Adult,June Adult
127,31,1.172309796,0.46681317,58.82107002,11.03048646,1.383,0.451,June_Seal_Adults_Flaton_Day4,June,Adult,June Adult
128,7,1.174733244,0.387850312,58.84599175,11.00377543,1.121,0.403,June_Seal_Adults_Galterygen_Day2,June,Adult,June Adult
129,37,1.176254796,0.397661116,58.82092784,11.03044398,1.113,0.415,June_Seal_Adults_Flaton_Day4,June,Adult,June Adult
130,6,1.177555662,0.373589717,58.82047685,11.02300523,NA,NA,June_Seal_Adults_Vitakalv_Day3,June,Adult,June Adult
131,25,1.178229156,0.375309404,58.82044509,11.02304593,NA,NA,June_Seal_Adults_Vitakalva_Day4,June,Adult,June Adult
132,26,1.18028605,0.379195421,58.84549844,11.00386007,1.336,0.404,June_Seal_Adults_Galterygen_Day2,June,Adult,June Adult
133,40,1.181386153,0.345319456,58.82032144,11.0225467,NA,NA,June_Seal_Adults_Vitakalva_Day4,June,Adult,June Adult
134,8,1.181888764,0.39014229,58.84598016,11.00383374,1.248,0.397,June_Seal_Adults_Galterygen_Day2,June,Adult,June Adult
135,10,1.182232289,0.354010419,58.82055393,11.01724051,NA,NA,June_Seal_Adults_Svartakalva_Day3,June,Adult,June Adult
136,35,1.183588216,0.365797646,58.82094986,11.0304427,1.168,0.383,June_Seal_Adults_Flaton_Day4,June,Adult,June Adult
137,12,1.183876096,0.383515793,58.84564459,11.00397566,1.04,0.401,June_Seal_Adults_Galterygen_Day2,June,Adult,June Adult
138,25,1.184369871,0.41519322,58.82059535,11.01730938,1.228,0.431,June_Seal_Adults_Svarta_Kalva_Day4,June,Adult,June Adult
139,39,1.187422216,0.442209472,58.82018438,11.01717335,NA,NA,June_Seal_Adults_Svartakalva_Day3,June,Adult,June Adult
140,52,1.190291112,0.384233877,58.81992733,11.01687042,1.322,0.429,June_Seal_Adults_Svarta_Kalva_Day4,June,Adult,June Adult
141,39,1.191380799,0.399658665,58.82032644,11.02226655,NA,NA,June_Seal_Adults_Vitakalva_Day4,June,Adult,June Adult
142,26,1.191661411,0.41120951,58.82054079,11.01732338,1.242,0.441,June_Seal_Adults_Svarta_Kalva_Day4,June,Adult,June Adult
143,9,1.193460399,0.399217214,58.82197335,11.03022181,1.23,0.415,June_Seal_Adults_Flaton_Day3,June,Adult,June Adult
144,5,1.194151097,0.368959432,58.84599078,11.00382964,1.111,0.404,June_Seal_Adults_Galterygen_Day2,June,Adult,June Adult
145,53,1.194555685,0.394428812,58.81992408,11.0168359,0.996,0.397,June_Seal_Adults_Svarta_Kalva_Day4,June,Adult,June Adult
146,33,1.195598721,0.375703575,58.82038406,11.01735356,1.113,0.359,June_Seal_Adults_Svarta_Kalva_Day4,June,Adult,June Adult
147,16,1.196186883,0.44291036,58.82044928,11.01733719,NA,NA,June_Seal_Adults_Svartakalva_Day3,June,Adult,June Adult
148,6,1.196442788,0.342429268,58.82204426,11.03020697,1.18,0.381,June_Seal_Adults_Flaton_Day4,June,Adult,June Adult
149,2,1.197645664,0.401114243,58.82077943,11.01700728,1.282,0.427,June_Seal_Adults_Svarta_Kalva_Day4,June,Adult,June Adult
150,11,1.198317267,0.45562334,58.8219624,11.03007227,1.09,0.47,June_Seal_Adults_Flaton_Day3,June,Adult,June Adult
151,19,1.198488377,0.38200844,58.82063659,11.01712183,1.18,0.409,June_Seal_Adults_Svarta_Kalva_Day4,June,Adult,June Adult
152,19,1.198787235,0.428312594,58.82106169,11.03005496,1.16,0.382,June_Seal_Adults_Flaton_Day3,June,Adult,June Adult
153,48,1.199734038,0.365352059,58.84578357,10.9755949,1.153,0.347,June_Seal_Adults_Vaskar_Day3,June,Adult,June Adult
154,34,1.199857612,0.415651935,58.82032711,11.02319563,NA,NA,June_Seal_Adults_Vitakalva_Day4,June,Adult,June Adult
155,3,1.200026325,0.379663326,58.82432752,11.03185117,NA,NA,June_Seal_Adults_Ramso_Right_Skerry_Day4,June,Adult,June Adult
156,10,1.20051384,0.407814482,58.82202332,11.03015277,1.106,0.397,June_Seal_Adults_Flaton_Day4,June,Adult,June Adult
157,2,1.204288649,0.448576009,58.8467335,10.97547547,1.178,0.468,June_Seal_Adults_Vaskar_Day3,June,Adult,June Adult
158,15,1.205140888,0.384447887,58.82197708,11.03009244,1.118,0.374,June_Seal_Adults_Flaton_Day4,June,Adult,June Adult
159,21,1.206781988,0.434146051,58.84643852,10.97596364,1.152,0.444,June_Seal_Adults_Vaskar_Day3,June,Adult,June Adult
160,19,1.207964629,0.397450998,58.84553622,11.00396678,1.3,0.394,June_Seal_Adults_Galterygen_Day2,June,Adult,June Adult
161,35,1.208190923,0.427560744,58.82034772,11.01748941,1.32,0.428,June_Seal_Adults_Svarta_Kalva_Day4,June,Adult,June Adult
162,3,1.209360815,0.41099718,58.82051211,11.02296077,NA,NA,June_Seal_Adults_Vitakalv_Day3,June,Adult,June Adult
163,16,1.209670462,0.378244033,58.82196511,11.03005533,1.179,0.383,June_Seal_Adults_Flaton_Day4,June,Adult,June Adult
164,6,1.210138019,0.422287943,58.82006662,11.02738659,NA,NA,June_Seal_Adults_Meta_Day4,June,Adult,June Adult
165,27,1.211024898,0.375775751,58.82043846,11.02275974,NA,NA,June_Seal_Adults_Vitakalva_Day4,June,Adult,June Adult
166,4,1.211246468,0.40702118,58.82201238,11.03016085,1.386,0.43,June_Seal_Adults_Flaton_Day3,June,Adult,June Adult
167,2,1.213797699,0.423119698,58.84666752,10.97558508,NA,NA,June_Seal_Adults_Vasknar_Day4,June,Adult,June Adult
168,36,1.215295149,0.457945567,58.82034515,11.01752601,1.245,0.468,June_Seal_Adults_Svarta_Kalva_Day4,June,Adult,June Adult
169,8,1.215321196,0.366489684,58.8466686,10.97557294,1.16,0.4,June_Seal_Adults_Vaskar_Day3,June,Adult,June Adult
170,14,1.218673452,0.376918692,58.82371708,11.03237524,NA,NA,June_Seal_Adults_Ramso_R_Day3,June,Adult,June Adult
171,18,1.218697879,0.420879944,58.820441,11.01733409,NA,NA,June_Seal_Adults_Svartakalva_Day3,June,Adult,June Adult
172,25,1.219530196,0.434280389,58.82149042,11.03102244,1.32,0.449,June_Seal_Adults_Flaton_Day3,June,Adult,June Adult
173,12,1.219715331,0.397066108,58.82195878,11.03023139,1.07,0.39,June_Seal_Adults_Flaton_Day3,June,Adult,June Adult
174,21,1.220043015,0.457892788,58.82041806,11.01734357,NA,NA,June_Seal_Adults_Svartakalva_Day3,June,Adult,June Adult
175,22,1.220702263,0.377546004,58.84553078,11.00392996,1.17,0.394,June_Seal_Adults_Galterygen_Day2,June,Adult,June Adult
176,44,1.22212886,0.409492935,58.82029352,11.02234139,NA,NA,June_Seal_Adults_Vitakalva_Day4,June,Adult,June Adult
177,4,1.224110524,0.382240492,58.84599801,11.00384586,1.2,0.42,June_Seal_Adults_Galterygen_Day2,June,Adult,June Adult
178,9,1.224424343,0.39737374,58.84666183,10.97550309,1.23,0.398,June_Seal_Adults_Vaskar_Day3,June,Adult,June Adult
179,21,1.224566433,0.40687568,58.82047121,11.02302865,NA,NA,June_Seal_Adults_Vitakalva_Day4,June,Adult,June Adult
180,31,1.225127746,0.407527698,58.82041158,11.0173025,1.223,0.402,June_Seal_Adults_Svarta_Kalva_Day4,June,Adult,June Adult
181,15,1.226068195,0.420705737,58.82028436,11.02237972,NA,NA,June_Seal_Adults_Vitakalv_Day3,June,Adult,June Adult
182,26,1.226619879,0.387425161,58.82147175,11.03102559,1.23,0.476,June_Seal_Adults_Flaton_Day3,June,Adult,June Adult
183,24,1.226756012,0.441821066,58.82107739,11.0300864,1.2,0.363,June_Seal_Adults_Flaton_Day4,June,Adult,June Adult
184,7,1.228780146,0.412899863,58.82198761,11.03016964,1.226,0.429,June_Seal_Adults_Flaton_Day3,June,Adult,June Adult
185,9,1.229329502,0.427861567,58.8205811,11.01725621,NA,NA,June_Seal_Adults_Svartakalva_Day3,June,Adult,June Adult
186,7,1.230286608,0.4648227,58.820638,11.0170992,NA,NA,June_Seal_Adults_Svartakalva_Day3,June,Adult,June Adult
187,28,1.23053688,0.448293328,58.82043082,11.02276383,NA,NA,June_Seal_Adults_Vitakalva_Day4,June,Adult,June Adult
188,43,1.232276905,0.311922236,58.81995032,11.01680198,NA,NA,June_Seal_Adults_Svartakalva_Day3,June,Adult,June Adult
189,11,1.232282449,0.389977345,58.82474337,11.032038,NA,NA,June_Seal_Adults_Ramso_R_Day3,June,Adult,June Adult
190,9,1.233114624,0.378197463,58.84640838,10.97561218,NA,NA,June_Seal_Adults_Vasknar_Day4,June,Adult,June Adult
191,33,1.233679179,0.405822824,58.82035125,11.02247209,NA,NA,June_Seal_Adults_Vitakalva_Day4,June,Adult,June Adult
192,7,1.233899771,0.444191761,58.82075191,11.01698262,1.219,0.395,June_Seal_Adults_Svarta_Kalva_Day4,June,Adult,June Adult
193,8,1.234294202,0.424019136,58.82075424,11.01703763,1.285,0.428,June_Seal_Adults_Svarta_Kalva_Day4,June,Adult,June Adult
194,14,1.234843875,0.376967879,58.82198771,11.03022591,1.203,0.4,June_Seal_Adults_Flaton_Day4,June,Adult,June Adult
195,19,1.23572287,0.446706903,58.82043152,11.01733287,NA,NA,June_Seal_Adults_Svartakalva_Day3,June,Adult,June Adult
196,11,1.237812371,0.410807444,58.82052285,11.02288295,NA,NA,June_Seal_Adults_Vitakalva_Day4,June,Adult,June Adult
197,10,1.239658701,0.471348222,58.84633081,10.97520818,NA,NA,June_Seal_Adults_Vasknar_Day4,June,Adult,June Adult
198,33,1.239799463,0.419692646,58.82097138,11.03043541,1.22,0.42,June_Seal_Adults_Flaton_Day4,June,Adult,June Adult
199,2,1.240721335,0.407546187,58.81968113,11.02716822,NA,NA,June_Seal_Adults_Meta_Day4,June,Adult,June Adult
200,4,1.240782404,0.474387537,58.82446395,11.0317812,NA,NA,June_Seal_Adults_Ramso_R_Day3,June,Adult,June Adult
201,23,1.241420142,0.434081908,58.82159147,11.03071269,1.447,0.45,June_Seal_Adults_Flaton_Day3,June,Adult,June Adult
202,27,1.241436095,0.425492198,58.84721792,11.00505985,1.218,0.451,June_Seal_Adults_Galterygen_Day2,June,Adult,June Adult
203,6,1.241915962,0.445705024,58.82474138,11.03202264,NA,NA,June_Seal_Adults_Ramso_Right_Skerry_Day4,June,Adult,June Adult
204,12,1.242227937,0.421255049,58.84664271,10.97573087,1.15,0.455,June_Seal_Adults_Vaskar_Day3,June,Adult,June Adult
205,1,1.242272329,0.426046902,58.82456832,11.03176356,NA,NA,June_Seal_Adults_Ramso_R_Day3,June,Adult,June Adult
206,5,1.242677768,0.410916111,58.82053447,11.02277798,NA,NA,June_Seal_Adults_Vitakalva_Day4,June,Adult,June Adult
207,54,1.243326068,0.442669877,58.81991509,11.01687515,1.216,0.458,June_Seal_Adults_Svarta_Kalva_Day4,June,Adult,June Adult
208,13,1.244541857,0.413179889,58.84662775,10.97558505,1.142,0.372,June_Seal_Adults_Vaskar_Day3,June,Adult,June Adult
209,24,1.245514393,0.363165513,58.84551765,11.003867,1.232,0.434,June_Seal_Adults_Galterygen_Day2,June,Adult,June Adult
210,47,1.246409093,0.439594289,58.84581876,10.97572091,1.225,0.412,June_Seal_Adults_Vaskar_Day3,June,Adult,June Adult
211,14,1.247514373,0.379935946,58.82181737,11.03033862,1.37,0.41,June_Seal_Adults_Flaton_Day3,June,Adult,June Adult
212,26,1.248423906,0.393114827,58.82173494,11.03053718,1.095,0.384,June_Seal_Adults_Flaton_Day4,June,Adult,June Adult
213,17,1.249929951,0.431542037,58.84650247,10.97556646,1.389,0.44,June_Seal_Adults_Vaskar_Day3,June,Adult,June Adult
214,1,1.252298185,0.386416461,58.82458487,11.03177122,NA,NA,June_Seal_Adults_Ramso_Right_Skerry_Day4,June,Adult,June Adult
215,21,1.252520727,0.390570168,58.84546619,10.97571878,NA,NA,June_Seal_Adults_Vasknar_Day4,June,Adult,June Adult
216,10,1.252829851,0.426382517,58.82475198,11.03205196,NA,NA,June_Seal_Adults_Ramso_R_Day3,June,Adult,June Adult
217,17,1.255412989,0.412790226,58.82158274,11.03036867,1.25,0.431,June_Seal_Adults_Flaton_Day3,June,Adult,June Adult
218,2,1.255791365,0.447988356,58.8207396,11.01697571,NA,NA,June_Seal_Adults_Svartakalva_Day3,June,Adult,June Adult
219,6,1.257039809,0.459497336,58.82432311,11.03174011,NA,NA,June_Seal_Adults_Ramso_R_Day3,June,Adult,June Adult
220,1,1.258773179,0.526554246,58.8466681,10.97560469,NA,NA,June_Seal_Adults_Vasknar_Day4,June,Adult,June Adult
221,11,1.260999172,0.407336851,58.82201897,11.03011466,1.187,0.406,June_Seal_Adults_Flaton_Day4,June,Adult,June Adult
222,25,1.261201353,0.415458538,58.84550548,11.00390167,1.144,0.444,June_Seal_Adults_Galterygen_Day2,June,Adult,June Adult
223,44,1.262885459,0.45837516,58.82030481,11.01746134,1.329,0.452,June_Seal_Adults_Svarta_Kalva_Day4,June,Adult,June Adult
224,15,1.263066136,0.431860498,58.82180516,11.03031718,1.32,0.42,June_Seal_Adults_Flaton_Day3,June,Adult,June Adult
225,48,1.263698689,0.400179104,58.8199544,11.01684256,1.376,0.414,June_Seal_Adults_Svarta_Kalva_Day4,June,Adult,June Adult
226,28,1.265610668,0.375742749,58.82049376,11.01725207,1.227,0.443,June_Seal_Adults_Svarta_Kalva_Day4,June,Adult,June Adult
227,3,1.266034753,0.438777415,58.82077666,11.01703014,1.194,0.409,June_Seal_Adults_Svarta_Kalva_Day4,June,Adult,June Adult
228,37,1.266345895,0.439207661,58.84620908,10.97589952,1.338,0.471,June_Seal_Adults_Vaskar_Day3,June,Adult,June Adult
229,27,1.267900295,0.39230354,58.84640659,10.97520933,1.199,0.41,June_Seal_Adults_Vaskar_Day3,June,Adult,June Adult
230,12,1.274894403,0.392070961,58.82049807,11.0172536,NA,NA,June_Seal_Adults_Svartakalva_Day3,June,Adult,June Adult
231,4,1.276399085,0.410564758,58.81963633,11.02711725,NA,NA,June_Seal_Adults_Meta_Day4,June,Adult,June Adult
232,4,1.277122335,0.384753721,58.82053858,11.02280988,NA,NA,June_Seal_Adults_Vitakalva_Day4,June,Adult,June Adult
233,22,1.2782517,0.431127479,58.84537566,10.97563705,NA,NA,June_Seal_Adults_Vasknar_Day4,June,Adult,June Adult
234,14,1.279536294,0.417946935,58.82065404,11.01711583,1.319,0.463,June_Seal_Adults_Svarta_Kalva_Day4,June,Adult,June Adult
235,16,1.279568167,0.379729861,58.84651369,10.97597802,1.136,0.373,June_Seal_Adults_Vaskar_Day3,June,Adult,June Adult
236,35,1.281391488,0.412561812,58.84624611,10.97594512,1.202,0.413,June_Seal_Adults_Vaskar_Day3,June,Adult,June Adult
237,13,1.284944801,0.377953123,58.82036164,11.0225877,NA,NA,June_Seal_Adults_Vitakalv_Day3,June,Adult,June Adult
238,32,1.286855082,0.378228117,58.8209788,11.0304586,1.355,0.37,June_Seal_Adults_Flaton_Day4,June,Adult,June Adult
239,20,1.288096637,0.454330814,58.81977715,11.02308776,NA,NA,June_Seal_Adults_Vitakalv_Day3,June,Adult,June Adult
240,43,1.289858084,0.35307257,58.82031736,11.01752256,1.227,0.363,June_Seal_Adults_Svarta_Kalva_Day4,June,Adult,June Adult
241,28,1.29023048,0.377720595,58.84719322,11.00508342,1.138,0.399,June_Seal_Adults_Galterygen_Day2,June,Adult,June Adult
242,16,1.292930194,0.407993295,58.8200938,11.02229921,NA,NA,June_Seal_Adults_Vitakalv_Day3,June,Adult,June Adult
243,50,1.29369013,0.43488456,58.81993283,11.01682358,1.299,0.429,June_Seal_Adults_Svarta_Kalva_Day4,June,Adult,June Adult
244,14,1.294194667,0.453963157,58.82051002,11.02283752,NA,NA,June_Seal_Adults_Vitakalva_Day4,June,Adult,June Adult
245,5,1.294264899,0.406500191,58.82433969,11.03186026,NA,NA,June_Seal_Adults_Ramso_R_Day3,June,Adult,June Adult
246,29,1.295849847,0.4125295,58.82161624,11.03068957,1.338,0.437,June_Seal_Adults_Flaton_Day4,June,Adult,June Adult
247,21,1.295922712,0.354902227,58.82160348,11.03072955,1.18,0.373,June_Seal_Adults_Flaton_Day3,June,Adult,June Adult
248,15,1.296569615,0.462168037,58.82064636,11.01728049,1.206,0.439,June_Seal_Adults_Svarta_Kalva_Day4,June,Adult,June Adult
249,8,1.301372277,0.40340652,58.82202886,11.03025099,1.236,0.437,June_Seal_Adults_Flaton_Day4,June,Adult,June Adult
250,18,1.301592429,0.402934277,58.84554263,11.00393725,1.281,0.391,June_Seal_Adults_Galterygen_Day2,June,Adult,June Adult
251,9,1.301610878,0.474920479,58.82047397,11.02287339,NA,NA,June_Seal_Adults_Vitakalv_Day3,June,Adult,June Adult
252,6,1.302433843,0.519599715,58.8206757,11.01695718,NA,NA,June_Seal_Adults_Svartakalva_Day3,June,Adult,June Adult
253,51,1.303231801,0.409557599,58.84549095,10.97569672,1.177,0.429,June_Seal_Adults_Vaskar_Day3,June,Adult,June Adult
254,37,1.303576627,0.385783108,58.82024001,11.01716692,NA,NA,June_Seal_Adults_Svartakalva_Day3,June,Adult,June Adult
255,37,1.303798577,0.400860405,58.82034243,11.01745889,1.182,0.446,June_Seal_Adults_Svarta_Kalva_Day4,June,Adult,June Adult
256,22,1.307905602,0.402912135,58.84643203,10.97601036,1.216,0.419,June_Seal_Adults_Vaskar_Day3,June,Adult,June Adult
257,8,1.308971591,0.376546673,58.82047596,11.02288639,NA,NA,June_Seal_Adults_Vitakalv_Day3,June,Adult,June Adult
258,3,1.309251785,0.449319709,58.82202121,11.03017976,1.28,0.4,June_Seal_Adults_Flaton_Day3,June,Adult,June Adult
259,47,1.31123875,0.379647023,58.81996645,11.0167984,1.417,0.441,June_Seal_Adults_Svarta_Kalva_Day4,June,Adult,June Adult
260,59,1.311891211,0.432886221,58.81982649,11.0170345,1.37,0.429,June_Seal_Adults_Svarta_Kalva_Day4,June,Adult,June Adult
261,14,1.312565445,0.435952668,58.82033149,11.02256405,NA,NA,June_Seal_Adults_Vitakalv_Day3,June,Adult,June Adult
262,36,1.31360598,0.425721179,58.82093383,11.0304509,1.248,0.44,June_Seal_Adults_Flaton_Day4,June,Adult,June Adult
263,15,1.31452121,0.381906133,58.82046942,11.01735947,NA,NA,June_Seal_Adults_Svartakalva_Day3,June,Adult,June Adult
264,17,1.3165296,0.387840185,58.84552851,10.97568183,NA,NA,June_Seal_Adults_Vasknar_Day4,June,Adult,June Adult
265,44,1.317336971,0.412850917,58.84610462,10.97571703,1.301,0.422,June_Seal_Adults_Vaskar_Day3,June,Adult,June Adult
266,55,1.317562999,0.45617092,58.81990279,11.016854,1.408,0.453,June_Seal_Adults_Svarta_Kalva_Day4,June,Adult,June Adult
267,1,1.319547693,0.369551748,58.81968716,11.0271946,NA,NA,June_Seal_Adults_Meta_Day4,June,Adult,June Adult
268,30,1.319684987,0.337516741,58.84638453,10.97521504,1.436,0.368,June_Seal_Adults_Vaskar_Day3,June,Adult,June Adult
269,16,1.321451406,0.389794809,58.84560023,11.00394815,1.26,0.412,June_Seal_Adults_Galterygen_Day2,June,Adult,June Adult
270,19,1.321593995,0.401916581,58.84646739,10.97560502,1.24,0.427,June_Seal_Adults_Vaskar_Day3,June,Adult,June Adult
271,23,1.321613474,0.359271369,58.84552498,11.0038902,1.22,0.377,June_Seal_Adults_Galterygen_Day2,June,Adult,June Adult
272,5,1.321685527,0.421553183,58.82075715,11.01699029,1.428,0.413,June_Seal_Adults_Svarta_Kalva_Day4,June,Adult,June Adult
273,22,1.321719682,0.400384765,58.82040169,11.01726863,NA,NA,June_Seal_Adults_Svartakalva_Day3,June,Adult,June Adult
274,45,1.323930983,0.43021911,58.84609322,10.97601845,1.069,0.461,June_Seal_Adults_Vaskar_Day3,June,Adult,June Adult
275,57,1.324617356,0.386337067,58.81989877,11.01691542,1.473,0.421,June_Seal_Adults_Svarta_Kalva_Day4,June,Adult,June Adult
276,16,1.325432956,0.405541819,58.82050797,11.02298885,NA,NA,June_Seal_Adults_Vitakalva_Day4,June,Adult,June Adult
277,19,1.326290864,0.445109855,58.82190511,11.03001342,1.219,0.443,June_Seal_Adults_Flaton_Day4,June,Adult,June Adult
278,40,1.327158268,0.41811159,58.84615788,10.97589595,1.276,0.445,June_Seal_Adults_Vaskar_Day3,June,Adult,June Adult
279,25,1.329021668,0.393267422,58.82039063,11.01729374,NA,NA,June_Seal_Adults_Svartakalva_Day3,June,Adult,June Adult
280,27,1.329439319,0.432011344,58.82049151,11.0173448,1.371,0.428,June_Seal_Adults_Svarta_Kalva_Day4,June,Adult,June Adult
281,22,1.329751093,0.430353391,58.8206169,11.01728517,1.182,0.436,June_Seal_Adults_Svarta_Kalva_Day4,June,Adult,June Adult
282,38,1.329788295,0.402714888,58.82033412,11.01751832,1.394,0.416,June_Seal_Adults_Svarta_Kalva_Day4,June,Adult,June Adult
283,32,1.331921413,0.401123956,58.8463427,10.97552313,1.257,0.294,June_Seal_Adults_Vaskar_Day3,June,Adult,June Adult
284,27,1.333177145,0.463663032,58.82036211,11.01746153,NA,NA,June_Seal_Adults_Svartakalva_Day3,June,Adult,June Adult
285,15,1.334056419,0.369507007,58.82371603,11.03225611,NA,NA,June_Seal_Adults_Ramso_R_Day3,June,Adult,June Adult
286,5,1.336344191,0.427228286,58.82008171,11.02736177,NA,NA,June_Seal_Adults_Meta_Day4,June,Adult,June Adult
287,20,1.338610095,0.421673361,58.84547787,10.97572125,NA,NA,June_Seal_Adults_Vasknar_Day4,June,Adult,June Adult
288,3,1.340906512,0.458974604,58.8466458,10.97560486,NA,NA,June_Seal_Adults_Vasknar_Day4,June,Adult,June Adult
289,6,1.341191297,0.44767797,58.82053228,11.02287621,NA,NA,June_Seal_Adults_Vitakalva_Day4,June,Adult,June Adult
290,9,1.34168418,0.399897189,58.82475875,11.03204199,NA,NA,June_Seal_Adults_Ramso_R_Day3,June,Adult,June Adult
291,3,1.342351666,0.360269718,58.820741,11.01700216,NA,NA,June_Seal_Adults_Svartakalva_Day3,June,Adult,June Adult
292,2,1.343062684,0.408300224,58.82054975,11.02286891,NA,NA,June_Seal_Adults_Vitakalva_Day4,June,Adult,June Adult
293,58,1.343072042,0.39107007,58.81989155,11.01687574,1.293,0.395,June_Seal_Adults_Svarta_Kalva_Day4,June,Adult,June Adult
294,28,1.344104928,0.457373644,58.82035361,11.01742315,NA,NA,June_Seal_Adults_Svartakalva_Day3,June,Adult,June Adult
295,13,1.344238984,0.443376736,58.82199837,11.03004438,1.239,0.43,June_Seal_Adults_Flaton_Day4,June,Adult,June Adult
296,12,1.345303096,0.427733268,58.82072953,11.0169831,1.171,0.461,June_Seal_Adults_Svarta_Kalva_Day4,June,Adult,June Adult
297,42,1.347301342,0.39528688,58.84611647,10.975958,1.171,0.428,June_Seal_Adults_Vaskar_Day3,June,Adult,June Adult
298,29,1.348140153,0.396643791,58.82046451,11.01732884,1.313,0.405,June_Seal_Adults_Svarta_Kalva_Day4,June,Adult,June Adult
299,20,1.348679001,0.417083473,58.82187672,11.03034516,1.242,0.42,June_Seal_Adults_Flaton_Day4,June,Adult,June Adult
300,2,1.348944606,0.415756877,58.8220226,11.03014706,1.28,0.46,June_Seal_Adults_Flaton_Day3,June,Adult,June Adult
301,20,1.349307614,0.457431796,58.82042148,11.01729723,NA,NA,June_Seal_Adults_Svartakalva_Day3,June,Adult,June Adult
302,3,1.349407036,0.411425847,58.82448013,11.03179199,NA,NA,June_Seal_Adults_Ramso_R_Day3,June,Adult,June Adult
303,30,1.350251267,0.417054871,58.82033848,11.01740824,NA,NA,June_Seal_Adults_Svartakalva_Day3,June,Adult,June Adult
304,6,1.351223833,0.406219757,58.84667397,10.97554912,1.199,0.411,June_Seal_Adults_Vaskar_Day3,June,Adult,June Adult
305,18,1.351604174,0.426660872,58.82048936,11.02299143,NA,NA,June_Seal_Adults_Vitakalva_Day4,June,Adult,June Adult
306,8,1.352596665,0.399094319,58.82052601,11.02292989,NA,NA,June_Seal_Adults_Vitakalva_Day4,June,Adult,June Adult
307,10,1.35304826,0.398094445,58.82052262,11.0229496,NA,NA,June_Seal_Adults_Vitakalva_Day4,June,Adult,June Adult
308,7,1.353427555,0.39195113,58.82203804,11.03015671,1.361,0.44,June_Seal_Adults_Flaton_Day4,June,Adult,June Adult
309,39,1.353790582,0.385000808,58.82032815,11.01749882,1.273,0.429,June_Seal_Adults_Svarta_Kalva_Day4,June,Adult,June Adult
310,16,1.355618079,0.487224485,58.84553132,10.97571189,NA,NA,June_Seal_Adults_Vasknar_Day4,June,Adult,June Adult
311,6,1.356752588,0.416727908,58.84599397,11.00388172,1.384,0.438,June_Seal_Adults_Galterygen_Day2,June,Adult,June Adult
312,46,1.357456527,0.382352601,58.84606664,10.97603745,1.268,0.398,June_Seal_Adults_Vaskar_Day3,June,Adult,June Adult
313,1,1.357498766,0.46050668,58.84674199,10.97552114,1.299,0.496,June_Seal_Adults_Vaskar_Day3,June,Adult,June Adult
314,11,1.357951933,0.404984109,58.84665411,10.97571136,1.304,0.403,June_Seal_Adults_Vaskar_Day3,June,Adult,June Adult
315,12,1.3618164,0.42764849,58.82052433,11.02275833,NA,NA,June_Seal_Adults_Vitakalva_Day4,June,Adult,June Adult
316,10,1.363463932,0.40644892,58.84666078,10.97554014,1.285,0.435,June_Seal_Adults_Vaskar_Day3,June,Adult,June Adult
317,17,1.363981206,0.441231769,58.82195323,11.03004881,1.247,0.409,June_Seal_Adults_Flaton_Day4,June,Adult,June Adult
318,3,1.364697967,0.455302939,58.81967266,11.02716502,NA,NA,June_Seal_Adults_Meta_Day4,June,Adult,June Adult
319,3,1.367382118,0.419427344,58.82055047,11.02282496,NA,NA,June_Seal_Adults_Vitakalva_Day4,June,Adult,June Adult
320,5,1.367714863,0.452462936,58.84667935,10.97552441,1.295,0.488,June_Seal_Adults_Vaskar_Day3,June,Adult,June Adult
321,29,1.371975402,0.4579028,58.84728112,11.00524612,1.366,0.43,June_Seal_Adults_Galterygen_Day2,June,Adult,June Adult
322,10,1.374055512,0.396152722,58.82074129,11.01702168,1.347,0.393,June_Seal_Adults_Svarta_Kalva_Day4,June,Adult,June Adult
323,7,1.375757255,0.399195345,58.84659967,10.975749,NA,NA,June_Seal_Adults_Vasknar_Day4,June,Adult,June Adult
324,33,1.376427608,0.38803311,58.84628871,10.97483579,1.279,0.398,June_Seal_Adults_Vaskar_Day3,June,Adult,June Adult
325,41,1.378179088,0.440313457,58.84615206,10.97599803,1.286,0.421,June_Seal_Adults_Vaskar_Day3,June,Adult,June Adult
326,9,1.379945485,0.401080436,58.82075042,11.01696054,1.295,0.42,June_Seal_Adults_Svarta_Kalva_Day4,June,Adult,June Adult
327,49,1.384859362,0.435703844,58.81994942,11.01682587,1.362,0.414,June_Seal_Adults_Svarta_Kalva_Day4,June,Adult,June Adult
328,22,1.385665116,0.420117027,58.82110371,11.03008387,1.102,0.36,June_Seal_Adults_Flaton_Day4,June,Adult,June Adult
329,18,1.386039474,0.379450391,58.84551567,10.97572343,NA,NA,June_Seal_Adults_Vasknar_Day4,June,Adult,June Adult
330,34,1.388062424,0.480604946,58.82035387,11.01744471,1.435,0.481,June_Seal_Adults_Svarta_Kalva_Day4,June,Adult,June Adult
331,3,1.390272746,0.510160158,58.84672839,10.97550382,1.27,0.458,June_Seal_Adults_Vaskar_Day3,June,Adult,June Adult
332,36,1.392872943,0.419129325,58.82033928,11.02225073,NA,NA,June_Seal_Adults_Vitakalva_Day4,June,Adult,June Adult
333,23,1.394427234,0.427404819,58.84640765,10.97595995,NA,NA,June_Seal_Adults_Vasknar_Day4,June,Adult,June Adult
334,26,1.394818514,0.381144167,58.84640601,10.97596037,1.139,0.359,June_Seal_Adults_Vaskar_Day3,June,Adult,June Adult
335,38,1.39608821,0.44896486,58.82032553,11.02224595,NA,NA,June_Seal_Adults_Vitakalva_Day4,June,Adult,June Adult
336,4,1.396785583,0.415451663,58.82076659,11.0170242,1.352,0.444,June_Seal_Adults_Svarta_Kalva_Day4,June,Adult,June Adult
337,20,1.402732676,0.451683515,58.84645442,10.9756036,1.409,0.482,June_Seal_Adults_Vaskar_Day3,June,Adult,June Adult
338,23,1.40364331,0.411028913,58.8204632,11.02303267,NA,NA,June_Seal_Adults_Vitakalva_Day4,June,Adult,June Adult
339,24,1.406109875,0.47373537,58.82039718,11.01730968,NA,NA,June_Seal_Adults_Svartakalva_Day3,June,Adult,June Adult
340,4,1.406761127,0.46376382,58.82205042,11.03021627,1.36,0.485,June_Seal_Adults_Flaton_Day4,June,Adult,June Adult
341,6,1.406830278,0.41745285,58.8207575,11.01700374,1.229,0.412,June_Seal_Adults_Svarta_Kalva_Day4,June,Adult,June Adult
342,37,1.407579919,0.452843757,58.8203243,11.02236236,NA,NA,June_Seal_Adults_Vitakalva_Day4,June,Adult,June Adult
343,2,1.411430637,0.437953349,58.84601009,11.00378677,1.45,0.467,June_Seal_Adults_Galterygen_Day2,June,Adult,June Adult
344,29,1.411776028,0.424427068,58.84638515,10.97520242,1.504,0.445,June_Seal_Adults_Vaskar_Day3,June,Adult,June Adult
345,34,1.412083992,0.419676009,58.84626178,10.97479594,1.328,0.415,June_Seal_Adults_Vaskar_Day3,June,Adult,June Adult
346,8,1.412874376,0.427364799,58.84659484,10.97559252,NA,NA,June_Seal_Adults_Vasknar_Day4,June,Adult,June Adult
347,42,1.412906971,0.417037089,58.8203072,11.02229435,NA,NA,June_Seal_Adults_Vitakalva_Day4,June,Adult,June Adult
348,20,1.435891896,0.419525264,58.82062728,11.01728098,1.399,0.49,June_Seal_Adults_Svarta_Kalva_Day4,June,Adult,June Adult
349,7,1.438240772,0.433604311,58.82005696,11.02737092,NA,NA,June_Seal_Adults_Meta_Day4,June,Adult,June Adult
350,32,1.440485848,0.433061359,58.82039113,11.01730286,1.414,0.441,June_Seal_Adults_Svarta_Kalva_Day4,June,Adult,June Adult
351,13,1.443603276,0.392649475,58.82051348,11.02292322,NA,NA,June_Seal_Adults_Vitakalva_Day4,June,Adult,June Adult
352,17,1.443952751,0.507828621,58.82049228,11.02302082,NA,NA,June_Seal_Adults_Vitakalva_Day4,June,Adult,June Adult
353,34,1.449304917,0.432737488,58.8209553,11.03044533,1.444,0.465,June_Seal_Adults_Flaton_Day4,June,Adult,June Adult
354,23,1.449810326,0.472667441,58.84643173,10.97595637,1.401,0.46,June_Seal_Adults_Vaskar_Day3,June,Adult,June Adult
355,24,1.45295025,0.520921194,58.84638343,10.97594158,NA,NA,June_Seal_Adults_Vasknar_Day4,June,Adult,June Adult
356,3,1.456516348,0.424031401,58.82205274,11.03012536,1.44,0.419,June_Seal_Adults_Flaton_Day4,June,Adult,June Adult
357,11,1.456957545,0.471803427,58.8207358,11.01699944,1.416,0.452,June_Seal_Adults_Svarta_Kalva_Day4,June,Adult,June Adult
358,39,1.458652911,0.464084023,58.84618528,10.97587756,1.368,0.461,June_Seal_Adults_Vaskar_Day3,June,Adult,June Adult
359,41,1.468247917,0.440968546,58.8203277,11.01746887,1.483,0.467,June_Seal_Adults_Svarta_Kalva_Day4,June,Adult,June Adult
360,5,1.470360844,0.463866957,58.82205155,11.03016762,1.39,0.459,June_Seal_Adults_Flaton_Day4,June,Adult,June Adult
361,15,1.475071739,0.447898253,58.84652318,10.97556755,1.398,0.458,June_Seal_Adults_Vaskar_Day3,June,Adult,June Adult
362,56,1.479129271,0.409967127,58.81990039,11.0168765,1.35,0.398,June_Seal_Adults_Svarta_Kalva_Day4,June,Adult,June Adult
363,42,1.482217473,0.397904568,58.82032288,11.01743894,1.392,0.39,June_Seal_Adults_Svarta_Kalva_Day4,June,Adult,June Adult
364,14,1.482735928,0.40215559,58.84652974,10.97555799,1.396,0.39,June_Seal_Adults_Vaskar_Day3,June,Adult,June Adult
365,7,1.488144908,0.42872287,58.82053136,11.02290478,NA,NA,June_Seal_Adults_Vitakalva_Day4,June,Adult,June Adult
366,9,1.497178387,0.415233572,58.822026,11.03009155,1.379,0.433,June_Seal_Adults_Flaton_Day4,June,Adult,June Adult
367,3,1.52061976,0.403426652,58.84600432,11.00386593,1.376,0.414,June_Seal_Adults_Galterygen_Day2,June,Adult,June Adult
368,27,1.522132219,0.410966194,58.82172161,11.03055188,1.435,0.433,June_Seal_Adults_Flaton_Day4,June,Adult,June Adult
369,41,1.53276907,0.547900628,58.82031432,11.02228243,NA,NA,June_Seal_Adults_Vitakalva_Day4,June,Adult,June Adult
370,38,0.510803961,0.261795197,58.84610972,10.97571109,0.6,0.248,June_Seal_Pups_Vaskar_Day3,June,Pups,June Pup
371,4,0.538085638,0.264558531,58.8242105,11.03183214,NA,NA,June_Seal_Pups_Ramso_Right_Skerry_Day4,June,Pups,June Pup
372,6,0.540230877,0.276724172,58.82021903,11.02217997,NA,NA,June_Seal_Pups_Vitakalv_Day3,June,Pups,June Pup
373,3,0.544078102,0.210464094,58.84604392,11.003912,0.712,0.239,June_Seal_Pups_Galterygen_Day2,June,Pups,June Pup
374,3,0.555685029,0.21588858,58.82050416,11.02296676,NA,NA,June_Seal_Pups_Vitakalv_Day3,June,Pups,June Pup
375,16,0.558977419,0.226861137,58.82024687,11.0171623,NA,NA,June_Seal_Pups_Svartakalva_Day3,June,Pups,June Pup
376,8,0.56588842,0.250533186,58.8236117,11.03217882,NA,NA,June_Seal_Pups_Ramso_R_Day3,June,Pups,June Pup
377,15,0.567232843,0.299022307,58.82047855,11.02278132,0.528,0.203,June_Seal_Pups_Vitakalva_Day4,June,Pups,June Pup
378,4,0.567537644,0.19571788,58.82375675,11.03229481,NA,NA,June_Seal_Pups_Ramso_R_Day3,June,Pups,June Pup
379,4,0.56897708,0.218561639,58.82048438,11.02278026,NA,NA,June_Seal_Pups_Vitakalv_Day3,June,Pups,June Pup
380,33,0.569918777,0.224302443,58.84614806,10.97587964,0.585,0.185,June_Seal_Pups_Vaskar_Day3,June,Pups,June Pup
381,20,0.570411861,0.229370987,58.82018882,11.01717422,NA,NA,June_Seal_Pups_Svartakalva_Day3,June,Pups,June Pup
382,7,0.570697981,0.238494876,58.8219937,11.03021697,0.5,0.223,June_Seal_Pups_Flaton_Day4,June,Pups,June Pup
383,16,0.573937133,0.243067276,58.82173315,11.03055068,0.577,0.236,June_Seal_Pups_Flaton_Day4,June,Pups,June Pup
384,27,0.574853986,0.273619416,58.8462478,10.97561305,0.637,0.221,June_Seal_Pups_Vaskar_Day3,June,Pups,June Pup
385,19,0.578721533,0.241056238,58.84624622,10.97577093,NA,NA,June_Seal_Pups_Vasknar_Day4,June,Pups,June Pup
386,17,0.578893371,0.237740017,58.84569369,10.97562368,NA,NA,June_Seal_Pups_Vasknar_Day4,June,Pups,June Pup
387,24,0.580764017,0.244651652,58.84627265,10.97575871,0.639,0.218,June_Seal_Pups_Vaskar_Day3,June,Pups,June Pup
388,2,0.586857093,0.203509071,58.81867986,11.02760033,NA,NA,June_Seal_Pups_Meta_Day3,June,Pups,June Pup
389,15,0.587934251,0.22320257,58.82177113,11.03052163,0.618,0.237,June_Seal_Pups_Flaton_Day4,June,Pups,June Pup
390,5,0.596894121,0.212005531,58.82039117,11.02311503,NA,NA,June_Seal_Pups_Vitakalv_Day3,June,Pups,June Pup
391,18,0.598463345,0.234311661,58.84551961,11.00387209,0.72,0.289,June_Seal_Pups_Galterygen_Day2,June,Pups,June Pup
392,20,0.599367052,0.284154242,58.82044417,11.0227568,0.612,0.23,June_Seal_Pups_Vitakalva_Day4,June,Pups,June Pup
393,1,0.60696321,0.195449699,58.8189843,11.02781828,NA,NA,June_Seal_Pups_Meta_Day3,June,Pups,June Pup
394,5,0.607796896,0.329815682,58.84600891,11.00386366,0.757,0.208,June_Seal_Pups_Galterygen_Day2,June,Pups,June Pup
395,13,0.607853238,0.32493998,58.82047216,11.01732685,0.676,0.254,June_Seal_Pups_Svarta_Kalva_Day4,June,Pups,June Pup
396,5,0.610578738,0.247384718,58.82371331,11.03236892,NA,NA,June_Seal_Pups_Ramso_R_Day3,June,Pups,June Pup
397,16,0.615144671,0.233777418,58.8204673,11.02301487,0.527,0.23,June_Seal_Pups_Vitakalva_Day4,June,Pups,June Pup
398,21,0.616278132,0.282402817,58.82029862,11.01741306,0.581,0.21,June_Seal_Pups_Svarta_Kalva_Day4,June,Pups,June Pup
399,13,0.616457727,0.275313085,58.82108896,11.03008221,0.63,0.286,June_Seal_Pups_Flaton_Day4,June,Pups,June Pup
400,9,0.617821741,0.208127057,58.84608062,10.97473242,NA,NA,June_Seal_Pups_Vasknar_Day4,June,Pups,June Pup
401,13,0.617886393,0.25360183,58.82030256,11.01735982,NA,NA,June_Seal_Pups_Svartakalva_Day3,June,Pups,June Pup
402,18,0.621997379,0.205084288,58.820197,11.01720886,NA,NA,June_Seal_Pups_Svartakalva_Day3,June,Pups,June Pup
403,6,0.624531467,0.238186215,58.82347257,11.03216385,NA,NA,June_Seal_Pups_Ramso_Right_Skerry_Day4,June,Pups,June Pup
404,23,0.625158627,0.254063493,58.81992565,11.01689498,NA,NA,June_Seal_Pups_Svartakalva_Day3,June,Pups,June Pup
405,26,0.626015453,0.213447039,58.84624765,10.97560324,0.559,0.235,June_Seal_Pups_Vaskar_Day3,June,Pups,June Pup
406,8,0.62828092,0.229548428,58.82130258,11.03051051,0.61,0.21,June_Seal_Pups_Flaton_Day3,June,Pups,June Pup
407,4,0.629258009,0.267181142,58.84601565,11.00378335,0.745,0.245,June_Seal_Pups_Galterygen_Day2,June,Pups,June Pup
408,11,0.630050565,0.219513377,58.82031649,11.01739564,NA,NA,June_Seal_Pups_Svartakalva_Day3,June,Pups,June Pup
409,8,0.631119096,0.236682111,58.82008077,11.02232978,NA,NA,June_Seal_Pups_Vitakalv_Day3,June,Pups,June Pup
410,3,0.631309551,0.225488024,58.823774,11.03229226,NA,NA,June_Seal_Pups_Ramso_R_Day3,June,Pups,June Pup
411,5,0.632763376,0.289469593,58.84667962,10.9755447,0.62,0.26,June_Seal_Pups_Vaskar_Day3,June,Pups,June Pup
412,2,0.632766293,0.220784676,58.82476383,11.03203847,NA,NA,June_Seal_Pups_Ramso_R_Day3,June,Pups,June Pup
413,11,0.633548558,0.31081317,58.84607817,10.97475909,NA,NA,June_Seal_Pups_Vasknar_Day4,June,Pups,June Pup
414,12,0.635051315,0.25013422,58.820506,11.02294553,0.686,0.27,June_Seal_Pups_Vitakalva_Day4,June,Pups,June Pup
415,2,0.637288185,0.234970628,58.84604719,11.00392247,0.623,0.24,June_Seal_Pups_Galterygen_Day2,June,Pups,June Pup
416,1,0.637723536,0.259275255,58.84667069,10.97556026,NA,NA,June_Seal_Pups_Vasknar_Day4,June,Pups,June Pup
417,3,0.638118169,0.23643066,58.81968129,11.02717864,NA,NA,June_Seal_Pups_Meta_Day4,June,Pups,June Pup
418,13,0.639694674,0.236112122,58.82049404,11.02294866,0.821,0.265,June_Seal_Pups_Vitakalva_Day4,June,Pups,June Pup
419,14,0.642958421,0.247141658,58.82028681,11.01737101,NA,NA,June_Seal_Pups_Svartakalva_Day3,June,Pups,June Pup
420,10,0.645495555,0.225833716,58.82032004,11.01745902,NA,NA,June_Seal_Pups_Svartakalva_Day3,June,Pups,June Pup
421,43,0.645845132,0.243239058,58.84575367,10.97559448,0.64,0.28,June_Seal_Pups_Vaskar_Day3,June,Pups,June Pup
422,23,0.647523071,0.245463283,58.84628442,10.97578345,0.609,0.285,June_Seal_Pups_Vaskar_Day3,June,Pups,June Pup
423,18,0.647930143,0.265657566,58.84635703,10.97547955,0.553,0.236,June_Seal_Pups_Vaskar_Day3,June,Pups,June Pup
424,5,0.650042156,0.281195942,58.82040004,11.01726221,NA,NA,June_Seal_Pups_Svartakalva_Day3,June,Pups,June Pup
425,7,0.650731859,0.246953847,58.82037692,11.01727622,NA,NA,June_Seal_Pups_Svartakalva_Day3,June,Pups,June Pup
426,16,0.651216329,0.240681847,58.84585227,10.97477922,NA,NA,June_Seal_Pups_Vasknar_Day4,June,Pups,June Pup
427,2,0.651801066,0.241592183,58.82044564,11.01733153,NA,NA,June_Seal_Pups_Svartakalva_Day3,June,Pups,June Pup
428,15,0.654305971,0.22931539,58.8464246,10.9755202,0.539,0.203,June_Seal_Pups_Vaskar_Day3,June,Pups,June Pup
429,11,0.658443534,0.220244719,58.84563473,11.00394302,0.54,0.228,June_Seal_Pups_Galterygen_Day2,June,Pups,June Pup
430,45,0.659077456,0.20253664,58.84574367,10.97564693,0.622,0.227,June_Seal_Pups_Vaskar_Day3,June,Pups,June Pup
431,24,0.659106117,0.267218116,58.82041581,11.0226408,0.627,0.246,June_Seal_Pups_Vitakalva_Day4,June,Pups,June Pup
432,21,0.659365846,0.25192125,58.84722034,11.00505066,0.659,0.252,June_Seal_Pups_Galterygen_Day2,June,Pups,June Pup
433,41,0.659835994,0.317089891,58.8459238,10.97567832,0.532,0.205,June_Seal_Pups_Vaskar_Day3,June,Pups,June Pup
434,16,0.660110971,0.29105217,58.84552124,11.00393027,0.678,0.279,June_Seal_Pups_Galterygen_Day2,June,Pups,June Pup
435,20,0.661892698,0.249258077,58.84634582,10.97553399,0.638,0.237,June_Seal_Pups_Vaskar_Day3,June,Pups,June Pup
436,9,0.662043174,0.213003789,58.82193332,11.03004907,0.69,0.241,June_Seal_Pups_Flaton_Day4,June,Pups,June Pup
437,25,0.662127373,0.240160939,58.81994115,11.01683161,0.658,0.252,June_Seal_Pups_Svarta_Kalva_Day4,June,Pups,June Pup
438,22,0.662889673,0.215692308,58.81994388,11.01680505,NA,NA,June_Seal_Pups_Svartakalva_Day3,June,Pups,June Pup
439,12,0.663382201,0.233011012,58.82048549,11.01734533,0.578,0.195,June_Seal_Pups_Svarta_Kalva_Day4,June,Pups,June Pup
440,9,0.663540669,0.271585899,58.82005759,11.02231907,NA,NA,June_Seal_Pups_Vitakalv_Day3,June,Pups,June Pup
441,23,0.665985357,0.233724156,58.81995977,11.01685209,0.63,0.22,June_Seal_Pups_Svarta_Kalva_Day4,June,Pups,June Pup
442,5,0.667339126,0.239242022,58.84660503,10.97574429,NA,NA,June_Seal_Pups_Vasknar_Day4,June,Pups,June Pup
443,20,0.668264439,0.205569207,58.84622355,10.97581706,NA,NA,June_Seal_Pups_Vasknar_Day4,June,Pups,June Pup
444,6,0.671530611,0.271653087,58.8220023,11.03014697,0.729,0.251,June_Seal_Pups_Flaton_Day4,June,Pups,June Pup
445,6,0.67232113,0.185213532,58.82064874,11.0171283,0.688,0.231,June_Seal_Pups_Svarta_Kalva_Day4,June,Pups,June Pup
446,2,0.672436088,0.249783188,58.82055267,11.02278923,0.652,0.232,June_Seal_Pups_Vitakalva_Day4,June,Pups,June Pup
447,32,0.675089442,0.277262233,58.8461633,10.97588264,0.636,0.284,June_Seal_Pups_Vaskar_Day3,June,Pups,June Pup
448,17,0.676305992,0.289932223,58.82034313,11.0174811,0.688,0.261,June_Seal_Pups_Svarta_Kalva_Day4,June,Pups,June Pup
449,2,0.677629904,0.273974358,58.82052806,11.02291104,NA,NA,June_Seal_Pups_Vitakalv_Day3,June,Pups,June Pup
450,19,0.678213684,0.284186117,58.82161491,11.03070109,0.58,0.256,June_Seal_Pups_Flaton_Day4,June,Pups,June Pup
451,7,0.678952549,0.240959721,58.82009622,11.02231541,NA,NA,June_Seal_Pups_Vitakalv_Day3,June,Pups,June Pup
452,26,0.680468026,0.230326328,58.82036929,11.02266746,0.662,0.225,June_Seal_Pups_Vitakalva_Day4,June,Pups,June Pup
453,15,0.680613199,0.26060485,58.82028145,11.01739898,NA,NA,June_Seal_Pups_Svartakalva_Day3,June,Pups,June Pup
454,2,0.680833092,0.23362824,58.84668823,10.97552716,0.575,0.264,June_Seal_Pups_Vaskar_Day3,June,Pups,June Pup
455,12,0.681055771,0.326950825,58.84590624,10.97492306,NA,NA,June_Seal_Pups_Vasknar_Day4,June,Pups,June Pup
456,1,0.682325693,0.27523556,58.82460382,11.03174566,NA,NA,June_Seal_Pups_Ramso_Right_Skerry_Day4,June,Pups,June Pup
457,44,0.68269456,0.232546948,58.8457503,10.97566095,0.625,0.245,June_Seal_Pups_Vaskar_Day3,June,Pups,June Pup
458,17,0.683364705,0.208731853,58.84639134,10.97534676,0.629,0.225,June_Seal_Pups_Vaskar_Day3,June,Pups,June Pup
459,10,0.683984957,0.235260894,58.84566687,11.00399976,0.55,0.212,June_Seal_Pups_Galterygen_Day2,June,Pups,June Pup
460,37,0.684057324,0.199711161,58.84611666,10.97549191,0.699,0.242,June_Seal_Pups_Vaskar_Day3,June,Pups,June Pup
461,20,0.684206518,0.248732635,58.84550146,11.00387622,0.705,0.26,June_Seal_Pups_Galterygen_Day2,June,Pups,June Pup
462,30,0.684503426,0.211205013,58.84622667,10.97557197,0.627,0.229,June_Seal_Pups_Vaskar_Day3,June,Pups,June Pup
463,3,0.684642489,0.283585813,58.82076713,11.01704506,0.711,0.264,June_Seal_Pups_Svarta_Kalva_Day4,June,Pups,June Pup
464,14,0.686047375,0.274141293,58.84553319,11.00396034,0.716,0.29,June_Seal_Pups_Galterygen_Day2,June,Pups,June Pup
465,17,0.687916419,0.259444755,58.82024356,11.01727658,NA,NA,June_Seal_Pups_Svartakalva_Day3,June,Pups,June Pup
466,7,0.688164451,0.239093041,58.82148356,11.03102831,0.54,0.228,June_Seal_Pups_Flaton_Day3,June,Pups,June Pup
467,12,0.688825026,0.23154926,58.84560769,11.0039387,0.478,0.227,June_Seal_Pups_Galterygen_Day2,June,Pups,June Pup
468,19,0.689435406,0.249026612,58.82018856,11.01720721,NA,NA,June_Seal_Pups_Svartakalva_Day3,June,Pups,June Pup
469,1,0.689632913,0.197059774,58.8244917,11.03177505,NA,NA,June_Seal_Pups_Ramso_R_Day3,June,Pups,June Pup
470,3,0.690786957,0.243430229,58.82043419,11.01732671,NA,NA,June_Seal_Pups_Svartakalva_Day3,June,Pups,June Pup
471,22,0.695081703,0.248095089,58.82042127,11.02277102,0.69,0.211,June_Seal_Pups_Vitakalva_Day4,June,Pups,June Pup
472,9,0.695513795,0.30729938,58.82033675,11.01744314,NA,NA,June_Seal_Pups_Svartakalva_Day3,June,Pups,June Pup
473,11,0.696908092,0.2871583,58.82110954,11.03008819,0.668,0.261,June_Seal_Pups_Flaton_Day4,June,Pups,June Pup
474,5,0.697632037,0.231538148,58.82484671,11.031991,NA,NA,June_Seal_Pups_Ramso_Right_Skerry_Day4,June,Pups,June Pup
475,9,0.700401592,0.265146436,58.82060821,11.01729788,0.743,0.248,June_Seal_Pups_Svarta_Kalva_Day4,June,Pups,June Pup
476,19,0.701083827,0.211434494,58.8204433,11.0227649,0.655,0.23,June_Seal_Pups_Vitakalva_Day4,June,Pups,June Pup
477,3,0.703049317,0.23971497,58.82432418,11.03184636,NA,NA,June_Seal_Pups_Ramso_Right_Skerry_Day4,June,Pups,June Pup
478,42,0.703480239,0.251087216,58.8458473,10.97571388,0.742,0.22,June_Seal_Pups_Vaskar_Day3,June,Pups,June Pup
479,7,0.704328393,0.225666258,58.82006953,11.02739591,NA,NA,June_Seal_Pups_Meta_Day4,June,Pups,June Pup
480,2,0.70551598,0.301649271,58.81980151,11.01659371,0.674,0.227,June_Seal_Pups_Svarta_Kalva_Day4,June,Pups,June Pup
481,3,0.705554727,0.198531563,58.82122779,11.03010091,0.5,0.219,June_Seal_Pups_Flaton_Day3,June,Pups,June Pup
482,7,0.706948509,0.239401316,58.84619076,10.97518792,NA,NA,June_Seal_Pups_Vasknar_Day4,June,Pups,June Pup
483,17,0.708164801,0.257053908,58.84551986,11.00388509,0.83,0.267,June_Seal_Pups_Galterygen_Day2,June,Pups,June Pup
484,13,0.708278118,0.225506269,58.84556337,11.00388944,0.788,0.25,June_Seal_Pups_Galterygen_Day2,June,Pups,June Pup
485,8,0.709697424,0.266099589,58.82035403,11.0174355,NA,NA,June_Seal_Pups_Svartakalva_Day3,June,Pups,June Pup
486,1,0.70985358,0.256190782,58.8198056,11.01656386,0.699,0.234,June_Seal_Pups_Svarta_Kalva_Day4,June,Pups,June Pup
487,9,0.710028282,0.316837667,58.84665084,10.97551234,0.688,0.265,June_Seal_Pups_Vaskar_Day3,June,Pups,June Pup
488,1,0.710073178,0.259654729,58.82053186,11.0227465,NA,NA,June_Seal_Pups_Vitakalv_Day3,June,Pups,June Pup
489,10,0.710602382,0.229993456,58.84650816,10.97597482,0.574,0.193,June_Seal_Pups_Vaskar_Day3,June,Pups,June Pup
490,5,0.711228062,0.28081823,58.82008692,11.0273676,NA,NA,June_Seal_Pups_Meta_Day4,June,Pups,June Pup
491,8,0.711953412,0.221596232,58.8456873,11.00399171,0.68,0.22,June_Seal_Pups_Galterygen_Day2,June,Pups,June Pup
492,6,0.711957605,0.27491465,58.82370358,11.03223538,NA,NA,June_Seal_Pups_Ramso_R_Day3,June,Pups,June Pup
493,21,0.713366539,0.301480574,58.82042308,11.02273894,0.713,0.295,June_Seal_Pups_Vitakalva_Day4,June,Pups,June Pup
494,9,0.713416991,0.255817306,58.82052086,11.02299825,0.674,0.24,June_Seal_Pups_Vitakalva_Day4,June,Pups,June Pup
495,40,0.713619178,0.215012884,58.84606531,10.97569165,0.697,0.245,June_Seal_Pups_Vaskar_Day3,June,Pups,June Pup
496,6,0.71506545,0.323880084,58.84645265,10.97543399,NA,NA,June_Seal_Pups_Vasknar_Day4,June,Pups,June Pup
497,21,0.715578287,0.255764695,58.82153753,11.03091692,0.684,0.244,June_Seal_Pups_Flaton_Day4,June,Pups,June Pup
498,16,0.716972598,0.262963069,58.82038301,11.0173456,0.602,0.262,June_Seal_Pups_Svarta_Kalva_Day4,June,Pups,June Pup
499,14,0.717357736,0.244694417,58.84643851,10.97600916,0.775,0.263,June_Seal_Pups_Vaskar_Day3,June,Pups,June Pup
500,25,0.717512261,0.250839785,58.82095545,11.03047678,0.53,0.21,June_Seal_Pups_Flaton_Day4,June,Pups,June Pup
501,35,0.71956296,0.266118444,58.84611787,10.97599637,0.659,0.288,June_Seal_Pups_Vaskar_Day3,June,Pups,June Pup
502,13,0.721748787,0.232505975,58.84590496,10.97490782,NA,NA,June_Seal_Pups_Vasknar_Day4,June,Pups,June Pup
503,15,0.722256623,0.308800509,58.8455277,11.00390955,0.735,0.275,June_Seal_Pups_Galterygen_Day2,June,Pups,June Pup
504,31,0.722408346,0.248948836,58.81990363,11.01688761,0.736,0.284,June_Seal_Pups_Svarta_Kalva_Day4,June,Pups,June Pup
505,2,0.72301329,0.238398171,58.82456977,11.03173999,NA,NA,June_Seal_Pups_Ramso_Right_Skerry_Day4,June,Pups,June Pup
506,29,0.723596588,0.356368941,58.81992028,11.01688199,0.779,0.279,June_Seal_Pups_Svarta_Kalva_Day4,June,Pups,June Pup
507,23,0.723818135,0.28102207,58.82041743,11.02273539,0.651,0.218,June_Seal_Pups_Vitakalva_Day4,June,Pups,June Pup
508,11,0.724809042,0.244348018,58.82055026,11.01732221,0.597,0.25,June_Seal_Pups_Svarta_Kalva_Day4,June,Pups,June Pup
509,27,0.724890392,0.232589048,58.81993671,11.0168769,0.704,0.26,June_Seal_Pups_Svarta_Kalva_Day4,June,Pups,June Pup
510,4,0.726820127,0.23833413,58.84661946,10.97576435,NA,NA,June_Seal_Pups_Vasknar_Day4,June,Pups,June Pup
511,19,0.727046122,0.266252149,58.84635742,10.97520242,0.698,0.231,June_Seal_Pups_Vaskar_Day3,June,Pups,June Pup
512,2,0.728577312,0.25544242,58.82205356,11.03018216,0.618,0.236,June_Seal_Pups_Flaton_Day4,June,Pups,June Pup
513,1,0.728708903,0.241892359,58.82205781,11.03019467,0.612,0.259,June_Seal_Pups_Flaton_Day4,June,Pups,June Pup
514,14,0.728796288,0.258308004,58.82040693,11.01730091,0.795,0.265,June_Seal_Pups_Svarta_Kalva_Day4,June,Pups,June Pup
515,19,0.72889949,0.212858636,58.84550657,11.00387144,0.694,0.255,June_Seal_Pups_Galterygen_Day2,June,Pups,June Pup
516,6,0.730395909,0.261328984,58.82007329,11.02737972,NA,NA,June_Seal_Pups_Meta_Day4,June,Pups,June Pup
517,20,0.730634483,0.271517818,58.82029953,11.01738836,0.661,0.259,June_Seal_Pups_Svarta_Kalva_Day4,June,Pups,June Pup
518,21,0.731932201,0.25030576,58.82013313,11.01716627,NA,NA,June_Seal_Pups_Svartakalva_Day3,June,Pups,June Pup
519,5,0.732838243,0.230553696,58.8216015,11.03069703,0.75,0.29,June_Seal_Pups_Flaton_Day3,June,Pups,June Pup
520,8,0.734297155,0.287375828,58.82063541,11.01727738,0.724,0.285,June_Seal_Pups_Svarta_Kalva_Day4,June,Pups,June Pup
521,24,0.735168983,0.25576874,58.8199484,11.01679617,0.653,0.276,June_Seal_Pups_Svarta_Kalva_Day4,June,Pups,June Pup
522,1,0.736272274,0.320952136,58.819695,11.02720777,NA,NA,June_Seal_Pups_Meta_Day4,June,Pups,June Pup
523,28,0.73660236,0.24862902,58.81992609,11.01682687,0.672,0.246,June_Seal_Pups_Svarta_Kalva_Day4,June,Pups,June Pup
524,4,0.737282149,0.287974917,58.82054431,11.02282134,0.784,0.266,June_Seal_Pups_Vitakalva_Day4,June,Pups,June Pup
525,4,0.737504216,0.283069563,58.82076563,11.0170052,0.698,0.261,June_Seal_Pups_Svarta_Kalva_Day4,June,Pups,June Pup
526,10,0.738319342,0.258159901,58.82188165,11.0303448,0.72,0.265,June_Seal_Pups_Flaton_Day4,June,Pups,June Pup
527,7,0.739628993,0.201485495,58.82367263,11.03225824,NA,NA,June_Seal_Pups_Ramso_R_Day3,June,Pups,June Pup
528,7,0.739755816,0.288534432,58.82063801,11.01730407,0.749,0.283,June_Seal_Pups_Svarta_Kalva_Day4,June,Pups,June Pup
529,11,0.741454037,0.269669141,58.82051722,11.02291876,0.853,0.234,June_Seal_Pups_Vitakalva_Day4,June,Pups,June Pup
530,14,0.741950348,0.305259147,58.84590225,10.97480722,NA,NA,June_Seal_Pups_Vasknar_Day4,June,Pups,June Pup
531,4,0.744360909,0.18478321,58.82105799,11.03006358,0.68,0.2,June_Seal_Pups_Flaton_Day3,June,Pups,June Pup
532,39,0.745910859,0.268602331,58.84609958,10.97601124,0.73,0.3,June_Seal_Pups_Vaskar_Day3,June,Pups,June Pup
533,26,0.746649801,0.229619193,58.81993761,11.01686235,0.761,0.21,June_Seal_Pups_Svarta_Kalva_Day4,June,Pups,June Pup
534,8,0.747750121,0.284630382,58.84664832,10.97573636,0.717,0.285,June_Seal_Pups_Vaskar_Day3,June,Pups,June Pup
535,6,0.747867465,0.241431402,58.84666239,10.97572942,0.7,0.254,June_Seal_Pups_Vaskar_Day3,June,Pups,June Pup
536,12,0.750066966,0.259959955,58.84647121,10.97559826,0.671,0.244,June_Seal_Pups_Vaskar_Day3,June,Pups,June Pup
537,3,0.750895125,0.251017953,58.81862554,11.02758267,NA,NA,June_Seal_Pups_Meta_Day3,June,Pups,June Pup
538,14,0.75372957,0.263324745,58.82049256,11.02276725,0.679,0.239,June_Seal_Pups_Vitakalva_Day4,June,Pups,June Pup
539,7,0.753792376,0.324727664,58.84665628,10.97572582,0.812,0.278,June_Seal_Pups_Vaskar_Day3,June,Pups,June Pup
540,27,0.756059306,0.253190224,58.82033551,11.02319313,0.683,0.255,June_Seal_Pups_Vitakalva_Day4,June,Pups,June Pup
541,17,0.756076677,0.269092816,58.82044918,11.02275991,0.792,0.282,June_Seal_Pups_Vitakalva_Day4,June,Pups,June Pup
542,11,0.760362831,0.276386145,58.8464729,10.9755835,0.706,0.289,June_Seal_Pups_Vaskar_Day3,June,Pups,June Pup
543,30,0.760592098,0.281014909,58.81990749,11.0168587,0.833,0.282,June_Seal_Pups_Svarta_Kalva_Day4,June,Pups,June Pup
544,1,0.761180777,0.266162319,58.84556273,11.00367887,0.89,0.262,June_Seal_Pups_Galterygen_Day2,June,Pups,June Pup
545,22,0.761330185,0.223662054,58.82131516,11.03050992,0.6,0.2,June_Seal_Pups_Flaton_Day4,June,Pups,June Pup
546,20,0.762385977,0.254066841,58.82161371,11.03073893,0.632,0.253,June_Seal_Pups_Flaton_Day4,June,Pups,June Pup
547,3,0.763354928,0.24435358,58.84668677,10.97550283,0.76,0.22,June_Seal_Pups_Vaskar_Day3,June,Pups,June Pup
548,10,0.765187368,0.268432145,58.82059389,11.01711734,0.773,0.227,June_Seal_Pups_Svarta_Kalva_Day4,June,Pups,June Pup
549,5,0.766450317,0.220568028,58.82202501,11.03012445,0.76,0.243,June_Seal_Pups_Flaton_Day4,June,Pups,June Pup
550,3,0.766611929,0.25584238,58.82054717,11.02283084,0.74,0.226,June_Seal_Pups_Vitakalva_Day4,June,Pups,June Pup
551,18,0.767482916,0.273937379,58.82044452,11.02305513,0.781,0.286,June_Seal_Pups_Vitakalva_Day4,June,Pups,June Pup
552,6,0.767854816,0.319447258,58.82052498,11.02296061,0.721,0.283,June_Seal_Pups_Vitakalva_Day4,June,Pups,June Pup
553,28,0.768656911,0.285151115,58.84624142,10.97559808,0.743,0.287,June_Seal_Pups_Vaskar_Day3,June,Pups,June Pup
554,6,0.769151538,0.27992517,58.82039814,11.01729629,NA,NA,June_Seal_Pups_Svartakalva_Day3,June,Pups,June Pup
555,4,0.770959941,0.26880681,58.82042555,11.01734097,NA,NA,June_Seal_Pups_Svartakalva_Day3,June,Pups,June Pup
556,7,0.772490167,0.343774119,58.82052644,11.02294496,0.815,0.305,June_Seal_Pups_Vitakalva_Day4,June,Pups,June Pup
557,30,0.772565511,0.315663473,58.82028281,11.02235186,0.709,0.233,June_Seal_Pups_Vitakalva_Day4,June,Pups,June Pup
558,31,0.772750842,0.290899742,58.84622363,10.97535707,0.728,0.204,June_Seal_Pups_Vaskar_Day3,June,Pups,June Pup
559,1,0.773235182,0.286432092,58.82059149,11.01709595,NA,NA,June_Seal_Pups_Svartakalva_Day3,June,Pups,June Pup
560,36,0.773951621,0.23892937,58.84611506,10.97582981,0.658,0.207,June_Seal_Pups_Vaskar_Day3,June,Pups,June Pup
561,1,0.774779301,0.230250638,58.82198261,11.03022121,0.67,0.26,June_Seal_Pups_Flaton_Day3,June,Pups,June Pup
562,6,0.776700822,0.231245925,58.82159794,11.03071292,0.7,0.235,June_Seal_Pups_Flaton_Day3,June,Pups,June Pup
563,4,0.777851315,0.281520836,58.84668329,10.97555749,0.665,0.242,June_Seal_Pups_Vaskar_Day3,June,Pups,June Pup
564,32,0.778026,0.256680431,58.81989703,11.01690129,0.744,0.244,June_Seal_Pups_Svarta_Kalva_Day4,June,Pups,June Pup
565,8,0.7785708,0.226705526,58.82006309,11.02736998,NA,NA,June_Seal_Pups_Meta_Day4,June,Pups,June Pup
566,2,0.779340663,0.294459213,58.84665579,10.97558928,NA,NA,June_Seal_Pups_Vasknar_Day4,June,Pups,June Pup
567,22,0.779747171,0.208958957,58.84630645,10.97578681,0.678,0.225,June_Seal_Pups_Vaskar_Day3,June,Pups,June Pup
568,16,0.781585469,0.266684292,58.84638726,10.97592093,0.689,0.25,June_Seal_Pups_Vaskar_Day3,June,Pups,June Pup
569,18,0.783559177,0.332587218,58.845526,10.975715,NA,NA,June_Seal_Pups_Vasknar_Day4,June,Pups,June Pup
570,1,0.783568431,0.246517949,58.82055378,11.02286569,0.744,0.238,June_Seal_Pups_Vitakalva_Day4,June,Pups,June Pup
571,26,0.786303011,0.269376752,58.82094481,11.03044214,0.654,0.28,June_Seal_Pups_Flaton_Day4,June,Pups,June Pup
572,10,0.791179684,0.196515791,58.84607767,10.97474537,NA,NA,June_Seal_Pups_Vasknar_Day4,June,Pups,June Pup
573,19,0.794896833,0.297066411,58.82032733,11.01751444,0.733,0.281,June_Seal_Pups_Svarta_Kalva_Day4,June,Pups,June Pup
574,15,0.794911803,0.260969847,58.82038874,11.01732637,0.727,0.278,June_Seal_Pups_Svarta_Kalva_Day4,June,Pups,June Pup
575,9,0.795586942,0.258055045,58.82004292,11.02735457,NA,NA,June_Seal_Pups_Meta_Day4,June,Pups,June Pup
576,15,0.797469761,0.340857178,58.84586462,10.97481324,NA,NA,June_Seal_Pups_Vasknar_Day4,June,Pups,June Pup
577,8,0.79905021,0.356369433,58.82197972,11.03011938,0.818,0.275,June_Seal_Pups_Flaton_Day4,June,Pups,June Pup
578,10,0.804702357,0.293399867,58.82003824,11.02737091,NA,NA,June_Seal_Pups_Meta_Day4,June,Pups,June Pup
579,8,0.811478071,0.276150385,58.82052931,11.02274631,0.724,0.231,June_Seal_Pups_Vitakalva_Day4,June,Pups,June Pup
580,18,0.815258524,0.297329522,58.82162674,11.03072777,0.732,0.283,June_Seal_Pups_Flaton_Day4,June,Pups,June Pup
581,3,0.815816741,0.324055924,58.8466512,10.97559981,NA,NA,June_Seal_Pups_Vasknar_Day4,June,Pups,June Pup
582,2,0.820414623,0.300757179,58.81969196,11.02719942,NA,NA,June_Seal_Pups_Meta_Day4,June,Pups,June Pup
583,25,0.821173961,0.221210944,58.84625028,10.97594199,0.689,0.216,June_Seal_Pups_Vaskar_Day3,June,Pups,June Pup
584,12,0.823353344,0.263051568,58.82030496,11.0174235,NA,NA,June_Seal_Pups_Svartakalva_Day3,June,Pups,June Pup
585,28,0.830856775,0.310941454,58.82093592,11.03045821,0.64,0.239,June_Seal_Pups_Flaton_Day4,June,Pups,June Pup
586,12,0.83183914,0.293674792,58.82109808,11.03008298,0.795,0.287,June_Seal_Pups_Flaton_Day4,June,Pups,June Pup
587,3,0.834439633,0.236405005,58.82205094,11.03013841,0.78,0.241,June_Seal_Pups_Flaton_Day4,June,Pups,June Pup
588,21,0.834537491,0.238663477,58.84633479,10.97552792,0.607,0.208,June_Seal_Pups_Vaskar_Day3,June,Pups,June Pup
589,23,0.835320498,0.295386943,58.82099985,11.03047177,0.711,0.302,June_Seal_Pups_Flaton_Day4,June,Pups,June Pup
590,28,0.83536906,0.283944165,58.82034732,11.02246919,0.802,0.26,June_Seal_Pups_Vitakalva_Day4,June,Pups,June Pup
591,34,0.835705993,0.274477159,58.8461206,10.97594696,0.805,0.311,June_Seal_Pups_Vaskar_Day3,June,Pups,June Pup
592,5,0.837711988,0.261908457,58.82064518,11.01731029,0.715,0.227,June_Seal_Pups_Svarta_Kalva_Day4,June,Pups,June Pup
593,27,0.838692745,0.239904959,58.82093544,11.03043089,0.652,0.279,June_Seal_Pups_Flaton_Day4,June,Pups,June Pup
594,1,0.84226924,0.251686189,58.8467482,10.97552035,0.76,0.258,June_Seal_Pups_Vaskar_Day3,June,Pups,June Pup
595,29,0.844578251,0.365533498,58.82032129,11.02224239,0.774,0.269,June_Seal_Pups_Vitakalva_Day4,June,Pups,June Pup
596,10,0.845610913,0.255452076,58.82052395,11.02286697,0.791,0.243,June_Seal_Pups_Vitakalva_Day4,June,Pups,June Pup
597,24,0.848727367,0.277047513,58.82097571,11.03044591,0.661,0.249,June_Seal_Pups_Flaton_Day4,June,Pups,June Pup
598,13,0.850946842,0.305274855,58.8464417,10.97597695,0.826,0.292,June_Seal_Pups_Vaskar_Day3,June,Pups,June Pup
599,8,0.852086313,0.274716181,58.846083,10.97474444,NA,NA,June_Seal_Pups_Vasknar_Day4,June,Pups,June Pup
600,7,0.854036302,0.258973111,58.84569982,11.00395787,0.78,0.283,June_Seal_Pups_Galterygen_Day2,June,Pups,June Pup
601,4,0.854340053,0.269755123,58.81966702,11.02716035,NA,NA,June_Seal_Pups_Meta_Day4,June,Pups,June Pup
602,29,0.856324249,0.270428365,58.84623457,10.97558464,0.75,0.246,June_Seal_Pups_Vaskar_Day3,June,Pups,June Pup
603,22,0.868976022,0.260900989,58.82012365,11.01715633,0.779,0.253,June_Seal_Pups_Svarta_Kalva_Day4,June,Pups,June Pup
604,4,0.875490283,0.287975187,58.82204379,11.03019821,0.8,0.3,June_Seal_Pups_Flaton_Day4,June,Pups,June Pup
605,18,0.87638445,0.261190787,58.82033564,11.01746607,0.763,0.266,June_Seal_Pups_Svarta_Kalva_Day4,June,Pups,June Pup
606,6,0.892230109,0.230806946,58.84570655,11.00395246,0.862,0.246,June_Seal_Pups_Galterygen_Day2,June,Pups,June Pup
607,17,0.89294595,0.257239987,58.82163036,11.03071632,0.997,0.294,June_Seal_Pups_Flaton_Day4,June,Pups,June Pup
608,5,0.924009751,0.332714655,58.82053647,11.02288844,0.762,0.279,June_Seal_Pups_Vitakalva_Day4,June,Pups,June Pup
609,25,0.938085211,0.327104512,58.82040024,11.02273008,0.863,0.319,June_Seal_Pups_Vitakalva_Day4,June,Pups,June Pup
610,14,0.940729342,0.243538601,58.82107328,11.03007237,0.867,0.271,June_Seal_Pups_Flaton_Day4,June,Pups,June Pup
611,2,0.967901864,0.29137664,58.82197916,11.0301416,0.83,0.3,June_Seal_Pups_Flaton_Day3,June,Pups,June Pup
612,9,1.009580895,0.237078518,58.84567996,11.00396603,0.67,0.254,June_Seal_Pups_Galterygen_Day2,June,Pups,June Pup
613,35,0.794381078,0.298247155,58.82003786,11.02734878,0.9,0.285,1-Meta1-Sep,Sep,Mixed,September Mixed
614,34,0.814806778,0.33302861,58.82004299,11.0273695,0.89,0.298,1-Meta1-Sep,Sep,Mixed,September Mixed
615,11,0.817042145,0.335880429,58.82193998,11.02782594,0.84,0.29,2_Meta2-Sep,Sep,Mixed,September Mixed
616,4,0.842739411,0.339419569,58.81965904,11.02714005,0.78,0.29,1-Meta1-Sep,Sep,Mixed,September Mixed
617,38,0.893421926,0.395690934,58.81998429,11.02735449,1.17,0.416,1-Meta1-Sep,Sep,Mixed,September Mixed
618,14,0.911235209,0.400534757,58.81975928,11.01627875,1.02,0.39,5-Svarta2_Sep,Sep,Mixed,September Mixed
619,1,0.917524275,0.383808192,58.81984821,11.01640194,0.94,0.315,5-Svarta2_Sep,Sep,Mixed,September Mixed
620,12,0.921591136,0.338641859,58.81976379,11.01631935,1.18,0.382,5-Svarta2_Sep,Sep,Mixed,September Mixed
621,20,0.92616786,0.351304155,58.8197387,11.01626677,1.02,0.399,5-Svarta2_Sep,Sep,Mixed,September Mixed
622,36,0.927450491,0.378154353,58.82003218,11.02729356,1.01,0.367,1-Meta1-Sep,Sep,Mixed,September Mixed
623,8,0.930271032,0.434422229,58.81978606,11.01632118,1.1,0.392,5-Svarta2_Sep,Sep,Mixed,September Mixed
624,28,0.930869914,0.384258379,58.81958224,11.01666958,0.97,0.386,5-Svarta2_Sep,Sep,Mixed,September Mixed
625,35,0.932581108,0.351296708,58.81954022,11.01646148,1.03,0.335,5-Svarta2_Sep,Sep,Mixed,September Mixed
626,23,0.940654719,0.38926964,58.81958674,11.02703341,1.14,0.36,1-Meta1-Sep,Sep,Mixed,September Mixed
627,4,0.945717067,0.340690586,58.81983048,11.01639585,0.94,0.333,5-Svarta2_Sep,Sep,Mixed,September Mixed
628,6,0.948227147,0.368624822,58.82043007,11.04109102,NA,NA,3_Ramso_Left,Sep,Mixed,September Mixed
629,15,0.951729406,0.333058737,58.81975533,11.01630033,0.97,0.37,5-Svarta2_Sep,Sep,Mixed,September Mixed
630,6,0.956314819,0.399040104,58.82201956,11.02779619,1.07,0.412,2_Meta2-Sep,Sep,Mixed,September Mixed
631,6,0.96041249,0.361656444,58.81979869,11.01630794,1.08,0.369,5-Svarta2_Sep,Sep,Mixed,September Mixed
632,37,0.969461382,0.36274439,58.81948433,11.01650064,1.12,0.363,5-Svarta2_Sep,Sep,Mixed,September Mixed
633,7,0.974228345,0.355356928,58.81975979,11.01627019,NA,NA,4_Svarta1_Sep,Sep,Mixed,September Mixed
634,40,0.976438528,0.394789807,58.81995669,11.02734258,1.07,0.363,1-Meta1-Sep,Sep,Mixed,September Mixed
635,7,0.980296875,0.369304214,58.81978955,11.01630935,1.23,0.41,5-Svarta2_Sep,Sep,Mixed,September Mixed
636,1,0.98305663,0.381430873,58.82048238,11.04110506,NA,NA,3_Ramso_Left,Sep,Mixed,September Mixed
637,28,0.984434793,0.328247335,58.82007554,11.02734984,1.13,0.377,1-Meta1-Sep,Sep,Mixed,September Mixed
638,21,1.001182865,0.365172251,58.81973431,11.01633857,1.15,0.42,5-Svarta2_Sep,Sep,Mixed,September Mixed
639,5,1.002833408,0.406801609,58.81982541,11.01635098,1.05,0.392,5-Svarta2_Sep,Sep,Mixed,September Mixed
640,26,1.006898506,0.44474516,58.81959566,11.01649525,1.15,0.389,5-Svarta2_Sep,Sep,Mixed,September Mixed
641,15,1.009841714,0.322069724,58.82058824,11.04129872,NA,NA,3_Ramso_Left,Sep,Mixed,September Mixed
642,42,1.016017048,0.405064936,58.81993751,11.02737356,0.98,0.398,1-Meta1-Sep,Sep,Mixed,September Mixed
643,7,1.031708814,0.34604586,58.82200761,11.02777249,1.04,0.319,2_Meta2-Sep,Sep,Mixed,September Mixed
644,10,1.031746299,0.372237397,58.81961666,11.02719888,1.36,0.373,1-Meta1-Sep,Sep,Mixed,September Mixed
645,10,1.033730187,0.340193122,58.81974584,11.01627632,NA,NA,4_Svarta1_Sep,Sep,Mixed,September Mixed
646,8,1.036629651,0.359434774,58.81962953,11.02720089,0.98,0.365,1-Meta1-Sep,Sep,Mixed,September Mixed
647,25,1.04001871,0.358555231,58.8197005,11.01627846,1.23,0.419,5-Svarta2_Sep,Sep,Mixed,September Mixed
648,31,1.044471709,0.384157599,58.82006016,11.02737866,1.16,0.367,1-Meta1-Sep,Sep,Mixed,September Mixed
649,29,1.048351309,0.351312581,58.81958281,11.01645998,1.04,0.368,5-Svarta2_Sep,Sep,Mixed,September Mixed
650,9,1.048807752,0.377492261,58.81977696,11.01633355,1.06,0.407,5-Svarta2_Sep,Sep,Mixed,September Mixed
651,7,1.050125157,0.383892497,58.82042743,11.04104812,NA,NA,3_Ramso_Left,Sep,Mixed,September Mixed
652,32,1.051868389,0.372389593,58.81956258,11.0166574,1.05,0.37,5-Svarta2_Sep,Sep,Mixed,September Mixed
653,8,1.053383559,0.39677538,58.82041503,11.04107942,NA,NA,3_Ramso_Left,Sep,Mixed,September Mixed
654,16,1.054941223,0.346795521,58.81960195,11.02717179,1.07,0.335,1-Meta1-Sep,Sep,Mixed,September Mixed
655,3,1.055315229,0.405719645,58.81966251,11.02718556,1.02,0.327,1-Meta1-Sep,Sep,Mixed,September Mixed
656,37,1.059638153,0.33831556,58.82001469,11.02737586,1.04,0.329,1-Meta1-Sep,Sep,Mixed,September Mixed
657,2,1.060466676,0.398617479,58.81969817,11.0270617,1.25,0.399,1-Meta1-Sep,Sep,Mixed,September Mixed
658,4,1.062894115,0.358985125,58.82045319,11.04106547,NA,NA,3_Ramso_Left,Sep,Mixed,September Mixed
659,34,1.063687614,0.391550957,58.81956559,11.01644984,1.18,0.401,5-Svarta2_Sep,Sep,Mixed,September Mixed
660,12,1.067003014,0.395165105,58.82193866,11.02777854,1.19,0.379,2_Meta2-Sep,Sep,Mixed,September Mixed
661,3,1.067251397,0.386778863,58.81978861,11.0162607,NA,NA,4_Svarta1_Sep,Sep,Mixed,September Mixed
662,3,1.071431276,0.389142451,58.8204677,11.04105978,NA,NA,3_Ramso_Left,Sep,Mixed,September Mixed
663,18,1.073308251,0.387030287,58.81959681,11.02719252,1.244,0.387,1-Meta1-Sep,Sep,Mixed,September Mixed
664,4,1.076303537,0.377119382,58.82203833,11.02780638,1.25,0.409,2_Meta2-Sep,Sep,Mixed,September Mixed
665,24,1.078298725,0.335563856,58.81958357,11.02710235,1.23,0.372,1-Meta1-Sep,Sep,Mixed,September Mixed
666,21,1.082364072,0.394412004,58.81958825,11.02717562,1.25,0.38,1-Meta1-Sep,Sep,Mixed,September Mixed
667,22,1.087798532,0.339591794,58.81958562,11.027061,1.21,0.35,1-Meta1-Sep,Sep,Mixed,September Mixed
668,13,1.087824323,0.359945977,58.81976373,11.01627638,1.15,0.403,5-Svarta2_Sep,Sep,Mixed,September Mixed
669,24,1.091138395,0.410342829,58.81970921,11.01629229,1.17,0.416,5-Svarta2_Sep,Sep,Mixed,September Mixed
670,11,1.094485163,0.377728493,58.82064115,11.04141548,NA,NA,3_Ramso_Left,Sep,Mixed,September Mixed
671,41,1.099315969,0.396963297,58.81994701,11.02733649,1.05,0.381,1-Meta1-Sep,Sep,Mixed,September Mixed
672,7,1.100148065,0.394868612,58.81962828,11.02715656,1.37,0.381,1-Meta1-Sep,Sep,Mixed,September Mixed
673,1,1.10594886,0.396259966,58.81971254,11.02708633,1.27,0.42,1-Meta1-Sep,Sep,Mixed,September Mixed
674,9,1.108458285,0.378408902,58.82196038,11.02776249,1.14,0.37,2_Meta2-Sep,Sep,Mixed,September Mixed
675,26,1.110742793,0.346280648,58.81956015,11.02708601,0.98,0.364,1-Meta1-Sep,Sep,Mixed,September Mixed
676,14,1.113077979,0.370186482,58.82058929,11.04136307,NA,NA,3_Ramso_Left,Sep,Mixed,September Mixed
677,9,1.114017734,0.336708864,58.8204047,11.0410651,NA,NA,3_Ramso_Left,Sep,Mixed,September Mixed
678,17,1.121399442,0.392271395,58.81959928,11.02710828,1.24,0.44,1-Meta1-Sep,Sep,Mixed,September Mixed
679,10,1.123197364,0.373164026,58.82065572,11.04144842,NA,NA,3_Ramso_Left,Sep,Mixed,September Mixed
680,22,1.125353299,0.420746958,58.81973153,11.0162688,1.22,0.434,5-Svarta2_Sep,Sep,Mixed,September Mixed
681,40,1.127024438,0.408321089,58.81945153,11.01645217,1.17,0.377,5-Svarta2_Sep,Sep,Mixed,September Mixed
682,31,1.129520351,0.418223202,58.81957202,11.01647599,1.27,0.381,5-Svarta2_Sep,Sep,Mixed,September Mixed
683,2,1.131413779,0.382948029,58.81983721,11.01636132,1.24,0.354,5-Svarta2_Sep,Sep,Mixed,September Mixed
684,33,1.14207054,0.423868309,58.81956412,11.01646495,1.08,0.433,5-Svarta2_Sep,Sep,Mixed,September Mixed
685,5,1.14441224,0.325147735,58.82044869,11.04108583,NA,NA,3_Ramso_Left,Sep,Mixed,September Mixed
686,19,1.150503948,0.373820763,58.81973581,11.01631182,1.2,0.386,5-Svarta2_Sep,Sep,Mixed,September Mixed
687,27,1.159425065,0.416814807,58.8195891,11.01648468,1.32,0.401,5-Svarta2_Sep,Sep,Mixed,September Mixed
688,32,1.163925834,0.398002149,58.82005789,11.02731739,1.32,0.4,1-Meta1-Sep,Sep,Mixed,September Mixed
689,30,1.164614991,0.414212707,58.82006265,11.02733832,1.27,0.416,1-Meta1-Sep,Sep,Mixed,September Mixed
690,11,1.166766118,0.414658988,58.81977147,11.01630773,1.21,0.409,5-Svarta2_Sep,Sep,Mixed,September Mixed
691,19,1.170519829,0.385504099,58.8195962,11.02715275,1.08,0.385,1-Meta1-Sep,Sep,Mixed,September Mixed
692,12,1.172597453,0.415683593,58.82062654,11.0414024,NA,NA,3_Ramso_Left,Sep,Mixed,September Mixed
693,25,1.172766161,0.350308438,58.81957464,11.02714209,1.05,0.35,1-Meta1-Sep,Sep,Mixed,September Mixed
694,5,1.17322362,0.414876502,58.81964709,11.02718026,1.49,0.401,1-Meta1-Sep,Sep,Mixed,September Mixed
695,1,1.174930627,0.356108716,58.81981587,11.01635837,NA,NA,4_Svarta1_Sep,Sep,Mixed,September Mixed
696,12,1.176458696,0.401204575,58.81961281,11.02710708,1.42,0.42,1-Meta1-Sep,Sep,Mixed,September Mixed
697,5,1.17922797,0.368407432,58.81977491,11.01627105,NA,NA,4_Svarta1_Sep,Sep,Mixed,September Mixed
698,15,1.184302766,0.406076195,58.81960589,11.0270821,1.2,0.381,1-Meta1-Sep,Sep,Mixed,September Mixed
699,13,1.185160998,0.337048661,58.82061758,11.04138782,NA,NA,3_Ramso_Left,Sep,Mixed,September Mixed
700,17,1.186189662,0.390174836,58.81974849,11.01631303,1.19,0.391,5-Svarta2_Sep,Sep,Mixed,September Mixed
701,30,1.187684047,0.389267082,58.8195765,11.01648532,1.19,0.4,5-Svarta2_Sep,Sep,Mixed,September Mixed
702,23,1.188957904,0.433228196,58.81972237,11.01628259,1.35,0.428,5-Svarta2_Sep,Sep,Mixed,September Mixed
703,2,1.190448984,0.355905415,58.82205063,11.02779338,1.23,0.43,2_Meta2-Sep,Sep,Mixed,September Mixed
704,8,1.194345504,0.40044515,58.82197225,11.02774081,1.23,0.4,2_Meta2-Sep,Sep,Mixed,September Mixed
705,38,1.194379966,0.45546411,58.81947333,11.01648771,1.22,0.439,5-Svarta2_Sep,Sep,Mixed,September Mixed
706,39,1.196333514,0.379096762,58.81946374,11.01647354,1.05,0.352,5-Svarta2_Sep,Sep,Mixed,September Mixed
707,16,1.19700184,0.396788536,58.81975236,11.01628754,1.13,0.36,5-Svarta2_Sep,Sep,Mixed,September Mixed
708,18,1.19710232,0.380714807,58.81975186,11.01626919,1.17,0.408,5-Svarta2_Sep,Sep,Mixed,September Mixed
709,10,1.20021833,0.373376596,58.81977363,11.01629075,1.11,0.378,5-Svarta2_Sep,Sep,Mixed,September Mixed
710,8,1.200654147,0.362086712,58.81975402,11.01628271,NA,NA,4_Svarta1_Sep,Sep,Mixed,September Mixed
711,9,1.20398315,0.377228771,58.8197513,11.01631296,NA,NA,4_Svarta1_Sep,Sep,Mixed,September Mixed
712,3,1.204899707,0.429119962,58.81983341,11.0163575,1.26,0.4,5-Svarta2_Sep,Sep,Mixed,September Mixed
713,13,1.205592682,0.378019049,58.81961272,11.02714633,1.25,0.422,1-Meta1-Sep,Sep,Mixed,September Mixed
714,10,1.210860183,0.382495165,58.82194093,11.02775215,1.29,0.43,2_Meta2-Sep,Sep,Mixed,September Mixed
715,33,1.230213818,0.409645585,58.82004318,11.0273159,1.22,0.394,1-Meta1-Sep,Sep,Mixed,September Mixed
716,4,1.23360875,0.341812672,58.81978003,11.01632991,NA,NA,4_Svarta1_Sep,Sep,Mixed,September Mixed
717,3,1.245980982,0.429358641,58.82204527,11.02783051,1.41,0.45,2_Meta2-Sep,Sep,Mixed,September Mixed
718,36,1.251871474,0.389298479,58.81949314,11.01651163,1.08,0.398,5-Svarta2_Sep,Sep,Mixed,September Mixed
719,29,1.253730312,0.393830202,58.82006356,11.02731511,1.34,0.387,1-Meta1-Sep,Sep,Mixed,September Mixed
720,20,1.254704544,0.400129253,58.81959331,11.0270664,1.26,0.39,1-Meta1-Sep,Sep,Mixed,September Mixed
721,11,1.259888411,0.351861266,58.8196168,11.02709391,1.25,0.39,1-Meta1-Sep,Sep,Mixed,September Mixed
722,39,1.265165756,0.412531455,58.81996621,11.02735047,1.37,0.383,1-Meta1-Sep,Sep,Mixed,September Mixed
723,2,1.266281847,0.399989318,58.82047814,11.04106555,NA,NA,3_Ramso_Left,Sep,Mixed,September Mixed
724,14,1.29127105,0.405352006,58.81960401,11.02714406,1.4,0.396,1-Meta1-Sep,Sep,Mixed,September Mixed
725,5,1.301767924,0.46333381,58.82202887,11.02779336,1.4,0.461,2_Meta2-Sep,Sep,Mixed,September Mixed
726,6,1.326296795,0.407125739,58.81976909,11.0162829,NA,NA,4_Svarta1_Sep,Sep,Mixed,September Mixed
727,17,1.333020471,0.495093446,58.82190407,11.02776515,1.41,0.48,2_Meta2-Sep,Sep,Mixed,September Mixed
728,18,1.338134377,0.45306464,58.82188292,11.02774967,1.34,0.52,2_Meta2-Sep,Sep,Mixed,September Mixed
729,6,1.343397832,0.377877926,58.81963456,11.02716918,1.43,0.369,1-Meta1-Sep,Sep,Mixed,September Mixed
730,1,1.34913468,0.504998484,58.8220542,11.02783483,1.42,0.412,2_Meta2-Sep,Sep,Mixed,September Mixed
731,9,1.366324711,0.410430218,58.81962617,11.0271222,1.42,0.403,1-Meta1-Sep,Sep,Mixed,September Mixed
732,27,1.386767978,0.394812775,58.82008201,11.02733336,1.41,0.381,1-Meta1-Sep,Sep,Mixed,September Mixed
733,2,1.407889608,0.423281985,58.81978567,11.01628867,NA,NA,4_Svarta1_Sep,Sep,Mixed,September Mixed
734,15,1.413138083,0.451182703,58.82191811,11.02778899,1.41,0.44,2_Meta2-Sep,Sep,Mixed,September Mixed
735,13,1.419914033,0.449476882,58.82192148,11.02776763,1.37,0.47,2_Meta2-Sep,Sep,Mixed,September Mixed
736,16,1.435779652,0.485600616,58.82191263,11.02778207,1.62,0.502,2_Meta2-Sep,Sep,Mixed,September Mixed
737,14,1.48824778,0.45226421,58.82192095,11.02775347,1.46,0.41,2_Meta2-Sep,Sep,Mixed,September Mixed
